review_text,rating,date,language_style,has_slang,slang_count,domain
khana ramro thyo tara price ali mahango lagyo,4,6/14/2023,romanized_nepali,1,1,food
The service was decent but nothing really stood out for me.,3,1/22/2024,english,0,0,services
yo bike ko mileage thik cha tara pickup ali weak lagyo,3,9/18/2022,romanized_nepali,1,1,transportation
"Room was clean and staff were polite, but breakfast options were limited.",4,11/5/2023,english,0,0,hotel_restaurant
product quality ramro cha but packaging ali weak thyo,3,4/9/2024,code_mixed,1,1,product
"service lastai slow thyo, simple kaam pani dherai time lagyo",2,12/3/2022,romanized_nepali,1,1,services
Burger tasted good but arrived a bit cold.,3,8/21/2023,english,0,0,food
yo hotel ko location ramro cha tara room size sano lagyo,3,2/17/2024,romanized_nepali,1,1,hotel_restaurant
Delivery was on time and the product works fine so far.,4,1/11/2025,english,0,0,product
ride smooth thyo tara driver ali careless lagyo,3,5/28/2023,romanized_nepali,0,0,transportation
Food mitho thyo but service thik cha matra.,3,7/9/2022,code_mixed,1,2,food
Staff were helpful but the waiting time was longer than expected.,3,9/3/2024,english,0,0,services
yo scooter city ma chalaunda ramro cha,4,3/14/2023,romanized_nepali,1,1,transportation
"Hotel stay overall thik cha, cleanliness was okay.",3,10/27/2022,code_mixed,1,1,hotel_restaurant
Laptop performance is decent for daily tasks.,4,6/19/2024,english,0,0,product
service thik cha tara staff ali busy dekhinthyo,3,1/25/2023,romanized_nepali,1,1,services
"The pizza was average, not bad but not great either.",3,11/16/2022,english,0,0,food
bike ko build quality ramro cha,4,8/7/2024,romanized_nepali,1,1,transportation
"Room was quiet at night, which I really appreciated.",5,4/2/2023,english,0,0,hotel_restaurant
product thik cha tara expected jasto ramro chaina,3,5/30/2022,code_mixed,1,1,product
customer support lastai jhyau lagyo,2,3/18/2024,romanized_nepali,1,2,services
Momo was tasty but portion felt a bit small.,4,12/11/2023,english,0,0,food
cab time ma aayo ra ride comfortable thyo,5,2/6/2025,romanized_nepali,0,0,transportation
Hotel ko staff friendly thyo but check-in ali slow bhayo.,3,7/24/2024,code_mixed,0,0,hotel_restaurant
Phone heats up sometimes but battery life is fine.,3,8/19/2022,english,0,0,product
seva ramro thyo tara response ali dhilo thyo,4,9/10/2023,romanized_nepali,0,0,services
The food was fresh and arrived hot.,5,10/2/2024,english,0,0,food
scooter ko control ramro cha city ride ko lagi,4,6/13/2022,romanized_nepali,1,1,transportation
Stay was comfortable but parking space was limited.,4,2/18/2023,english,0,0,hotel_restaurant
earbuds sound quality thik cha price anusar,4,1/3/2025,code_mixed,1,1,product
momo ramro thiyo tara tel dherai lagyo,3,6/14/2023,romanized_nepali,1,2,food
room thikai cha tara bathroom ma smell aayo,3,2/9/2024,romanized_nepali,1,2,hotel_restaurant
bike chalayo ramro tara brake weak lagyo,3,11/18/2023,romanized_nepali,1,2,transportation
delivery boy thik thiyo tara saman late aayo,3,8/3/2024,romanized_nepali,1,2,services
charger slow charge garcha tara heat garxa,2,9/27/2023,romanized_nepali,0,0,product
chicken sekewa mitho thiyo tara portion sano,4,5/12/2024,romanized_nepali,1,2,food
staff le ramro boldaina thiyo tara bill fast bhayo,3,4/19/2023,romanized_nepali,1,2,hotel_restaurant
pathao wait dherai bhayo tara driver manche ramro,3,10/22/2024,romanized_nepali,1,3,transportation
haircut thik cha tara price badhi lagyo,3,12/5/2023,romanized_nepali,1,2,services
earphone sound thik cha tara wire tangincha,3,1/30/2024,romanized_nepali,1,1,product
food mitho thiyo tara waiter dherai slow,3,7/8/2023,code_mixed,1,2,food
hotel location ramro cha tara lift break ma,3,3/21/2024,code_mixed,1,2,hotel_restaurant
scooter pickup thik cha tara seat hard lagyo,3,10/15/2023,code_mixed,1,2,transportation
plumber aayo tara kaam chhito sakena,2,6/11/2024,code_mixed,0,0,services
headphone comfortable cha tara bass weak xa,3,8/29/2023,code_mixed,1,1,product
The momo was okay but too oily for my taste,3,4/17/2024,english,0,0,food
Room was clean but AC not working properly,3,5/26/2023,english,0,0,hotel_restaurant
Driver was nice but took a longer route,3,9/4/2024,english,0,0,transportation
Electrician came late and charged extra,2,11/30/2023,english,0,0,services
Product looks nice but feels very light & cheap,3,7/19/2024,english,0,0,product
thakali set thik thiyo tara quantity kam,3,9/12/2023,romanized_nepali,1,2,food
bed thik cha tara pillow dherai sano,3,1/8/2024,romanized_nepali,1,2,hotel_restaurant
inDrive fare thik thiyo tara car purano,3,12/14/2023,romanized_nepali,1,2,transportation
laundry service thik cha tara kapada fulera aayo,3,5/3/2024,romanized_nepali,1,2,services
mouse click mildaina hallauda ni,2,10/27/2023,romanized_nepali,0,0,product
chatpate ramro thiyo tara khara dherai,3,4/25/2024,romanized_nepali,1,2,food
breakfast thik thiyo tara option kam thiyo,3,12/30/2023,romanized_nepali,1,2,hotel_restaurant
taxi meter chalena tara bargain ramro bhayo,3,9/13/2024,romanized_nepali,1,2,transportation
online class thik thiyo tara net le disturb garyo,3,10/4/2023,romanized_nepali,1,1,services
speaker volume dherai dincha tara bass kam,3,7/8/2024,romanized_nepali,1,2,product
thukpa thik thiyo tara bowl sano aayo,3,8/16/2023,code_mixed,1,2,food
parking sano cha tara staff le help garyo,3,1/25/2024,code_mixed,1,1,hotel_restaurant
scooter pickup ramro cha tara seat hard xa,3,6/30/2023,code_mixed,1,2,transportation
photocopy center fast bhayo tara ink khatam bhayo,3,10/19/2024,code_mixed,1,1,services
watch time sahi dekhaucha tara strap weak xa,3,11/26/2023,code_mixed,1,1,product
Normal food nothing special but price okay,3,2/3/2024,english,0,0,food
Location good but road noise dherai,3,9/8/2023,code_mixed,1,1,hotel_restaurant
Ride okay tara traffic ma dherai time lagyo,3,4/12/2024,code_mixed,1,1,transportation
Plumber kaam thik garyo tara paisa dherai magyo,3,7/25/2023,code_mixed,1,1,services
Charger works but gets very hot quickly,2,6/9/2024,english,0,0,product
chowmein ramro thiyo tara tel dherai lagyo,3,12/18/2023,romanized_nepali,1,2,food
room clean thiyo tara window bata dhulo aauncha,3,3/5/2024,romanized_nepali,1,1,hotel_restaurant
bike ma mileage thik cha tara sound dherai,3,10/2/2023,romanized_nepali,1,2,transportation
barber le ramro kaatyo tara wait dherai,3,7/16/2024,romanized_nepali,1,2,services
earbuds fit ramro cha tara battery jaldi khatam,3,9/14/2023,romanized_nepali,1,1,product
pizza thik thiyo tara cheese kam lagyo,3,1/19/2024,romanized_nepali,1,2,food
hotel ko bed thik cha tara blanket sano,3,8/22/2023,romanized_nepali,1,2,hotel_restaurant
taxi driver manche ramro tara bato jhyau,3,5/28/2024,romanized_nepali,1,2,transportation
mobile repair thik bhayo tara paisa badhi,3,11/9/2023,romanized_nepali,1,2,services
powerbank le charge dincha tara slow xa,3,9/30/2024,romanized_nepali,1,1,product
momo ko chatni mitho thiyo tara dherai spicy,3,7/3/2023,code_mixed,1,2,food
wifi slow xa tara staff le try garyo,3,2/27/2024,code_mixed,1,1,hotel_restaurant
scooter chalayo thik cha tara suspension hard,3,12/20/2023,code_mixed,1,2,transportation
tailor le ramro silayo tara time dherai lagyo,3,6/14/2024,code_mixed,1,2,services
mouse scroll smooth cha tara click hard xa,3,10/10/2023,code_mixed,1,1,product
fried rice okay thiyo tara oil dherai,3,3/16/2024,code_mixed,1,1,food
hotel parking sano cha tara safe lagyo,3,9/25/2023,code_mixed,1,2,hotel_restaurant
bike pickup ramro cha tara tyre purano,3,8/7/2024,code_mixed,1,2,transportation
electric fan repair bhayo tara awaj aauncha,3,11/11/2023,code_mixed,1,1,services
headphone comfortable xa tara cable tangincha,3,4/29/2024,code_mixed,1,1,product
"Average food, price is fair but taste normal",3,8/1/2023,english,0,0,food
Room okay but bathroom tap leaking,3,1/14/2024,english,0,0,hotel_restaurant
Driver polite but car AC weak,3,10/6/2023,english,0,0,transportation
Mechanic fixed it but charged more than expected,3,7/21/2024,english,0,0,services
Speaker looks nice but sound quality average,3,12/2/2023,english,0,0,product
sel roti ramro thiyo tara tel dherai,3,10/11/2024,romanized_nepali,1,2,food
hotel ko view ramro thiyo tara room sano,3,6/19/2023,romanized_nepali,1,2,hotel_restaurant
pathao driver manche thik thiyo tara late aayo,3,5/9/2024,romanized_nepali,1,2,transportation
barber le kaatyo tara style different bhayo,3,9/17/2023,romanized_nepali,1,1,services
charger le heat garxa tara charge dincha,3,2/18/2024,romanized_nepali,1,1,product
buff choila mitho thiyo tara spicy dherai,3,11/23/2023,romanized_nepali,1,2,food
wifi speed slow xa tara location ramro,3,8/28/2024,romanized_nepali,1,2,hotel_restaurant
scooter chalayo tara suspension dherai hard,3,7/10/2023,romanized_nepali,1,2,transportation
mobile repair thik bhayo tara paisa badhi,3,3/4/2024,romanized_nepali,1,2,services
keyboard thik cha tara key light dherai,3,10/31/2023,romanized_nepali,1,2,product
fried rice thik thiyo tara tel dherai,3,6/22/2024,code_mixed,1,2,food
hotel parking sano cha tara safe lagyo,3,12/8/2023,code_mixed,1,2,hotel_restaurant
bike mileage thik cha tara sound dherai,3,9/15/2024,code_mixed,1,2,transportation
tailor le silayo tara time dherai lagyo,3,8/27/2023,code_mixed,1,1,services
earbuds fit ramro cha tara battery kam,3,4/13/2024,code_mixed,1,1,product
"Normal taste, price is reasonable",3,9/1/2023,english,0,0,food
Room okay but fan noise dherai,3,1/7/2024,english,0,0,hotel_restaurant
Ride was fine but car old,3,10/19/2023,english,0,0,transportation
Watch repair okay but expensive,3,7/4/2024,english,0,0,services
Mouse works but scroll not smooth,3,11/16/2023,english,0,0,product
buff momo thik thiyo tara chatni mildo,3,2/25/2024,romanized_nepali,1,2,food
hotel ko breakfast thik thiyo tara option sano,3,7/29/2023,romanized_nepali,1,2,hotel_restaurant
pathao ma fare ramro thiyo tara driver late,3,5/17/2024,romanized_nepali,1,2,transportation
barber le style different garyo tara thik xa,3,9/22/2023,romanized_nepali,1,1,services
charger slow xa tara heat garxa,3,3/11/2024,romanized_nepali,1,1,product
chicken chilli mitho thiyo tara tel dherai,3,12/24/2023,romanized_nepali,1,2,food
wifi thik cha tara speed slow xa,3,8/19/2024,romanized_nepali,1,2,hotel_restaurant
scooter chalayo tara suspension hard lagyo,3,6/5/2023,romanized_nepali,1,2,transportation
mobile repair thik bhayo tara paisa dherai,3,4/2/2024,romanized_nepali,1,2,services
keyboard light dherai ramro tara click hard,3,10/28/2023,romanized_nepali,1,2,product
fried rice thik thiyo tara tel dherai lagyo,3,7/10/2024,code_mixed,1,2,food
hotel view ramro xa tara room sano,3,11/5/2023,code_mixed,1,2,hotel_restaurant
bike sound dherai xa tara mileage thik,3,9/26/2024,code_mixed,1,2,transportation
tailor le time dherai lagyo tara silai ramro,3,8/13/2023,code_mixed,1,2,services
earbuds battery kam xa tara fit ramro,3,5/20/2024,code_mixed,1,2,product
"Okay food, nothing special, price normal",3,9/30/2023,english,0,0,food
Room fine but bathroom smell aayo,3,2/11/2024,english,0,0,hotel_restaurant
Driver nice but car old model,3,10/25/2023,english,0,0,transportation
Repair thik bhayo tara paisa badhi magyo,3,6/30/2024,english,0,0,services
Mouse works but scroll not smooth at all,3,12/15/2023,english,0,0,product
buff choila thik thiyo tara spicy dherai,3,3/8/2024,romanized_nepali,1,2,food
hotel breakfast thik thiyo tara option kam,3,7/14/2023,romanized_nepali,1,2,hotel_restaurant
pathao driver manche ramro tara late aayo,3,8/1/2024,romanized_nepali,1,2,transportation
barber style different bhayo tara thik xa,3,9/9/2023,romanized_nepali,1,1,services
charger heat garxa tara charge dincha,3,4/16/2024,romanized_nepali,1,1,product
chicken sekewa mitho thiyo tara tel dherai,3,11/21/2023,romanized_nepali,1,2,food
wifi speed slow xa tara location ramro,3,10/4/2024,romanized_nepali,1,2,hotel_restaurant
scooter suspension hard xa tara pickup ramro,3,6/27/2023,romanized_nepali,1,2,transportation
mobile repair thik bhayo tara paisa dherai,3,1/29/2024,romanized_nepali,1,2,services
keyboard click hard xa tara light ramro,3,10/12/2023,romanized_nepali,1,2,product
momo thik thiyo tara chatni mildo,3,7/25/2024,code_mixed,1,2,food
hotel view ramro xa tara room sano,3,12/1/2023,code_mixed,1,2,hotel_restaurant
bike sound dherai xa tara mileage thik,3,9/18/2024,code_mixed,1,2,transportation
tailor le time dherai lagyo tara silai ramro,3,8/20/2023,code_mixed,1,2,services
earbuds battery kam xa tara sound thik,3,5/6/2024,code_mixed,1,2,product
"Average taste, price is fair",3,9/28/2023,english,0,0,food
Room fine but bathroom tap leaking,3,2/20/2024,english,0,0,hotel_restaurant
Driver polite but car AC weak,3,11/14/2023,english,0,0,transportation
Repair okay but price high,3,7/9/2024,english,0,0,services
Mouse scroll okay but click hard,3,12/19/2023,english,0,0,product
buff momo thik thiyo tara spicy dherai,3,3/27/2024,romanized_nepali,1,2,food
hotel breakfast thik thiyo tara option kam,3,7/21/2023,romanized_nepali,1,2,hotel_restaurant
pathao driver manche ramro tara late aayo,3,8/14/2024,romanized_nepali,1,2,transportation
barber style different bhayo tara thik xa,3,9/5/2023,romanized_nepali,1,1,services
charger heat garxa tara charge dincha,3,4/22/2024,romanized_nepali,1,1,product
chicken chilli mitho thiyo tara tel dherai,3,11/28/2023,romanized_nepali,1,2,food
wifi speed slow xa tara location ramro,3,10/10/2024,romanized_nepali,1,2,hotel_restaurant
scooter suspension hard xa tara pickup ramro,3,6/18/2023,romanized_nepali,1,2,transportation
mobile repair thik bhayo tara paisa dherai,3,1/15/2024,romanized_nepali,1,2,services
keyboard click hard xa tara light ramro,3,10/7/2023,romanized_nepali,1,2,product
momo thik thiyo tara chatni mildo,3,7/2/2024,code_mixed,1,2,food
hotel view ramro xa tara room sano,3,12/13/2023,code_mixed,1,2,hotel_restaurant
bike sound dherai xa tara mileage thik,3,9/5/2024,code_mixed,1,2,transportation
tailor le time dherai lagyo tara silai ramro,3,8/6/2023,code_mixed,1,2,services
earbuds battery kam xa tara sound thik,3,5/13/2024,code_mixed,1,2,product
"Average food, price is fair",3,9/20/2023,english,0,0,food
Room okay but bathroom tap leaking,3,2/4/2024,english,0,0,hotel_restaurant
Driver polite but car AC weak,3,10/28/2023,english,0,0,transportation
Repair okay but price high,3,7/16/2024,english,0,0,services
Mouse scroll okay but click hard,3,12/11/2023,english,0,0,product
buff choila thik thiyo tara spicy dherai,3,3/19/2024,romanized_nepali,1,2,food
hotel breakfast thik thiyo tara option kam,3,7/7/2023,romanized_nepali,1,2,hotel_restaurant
pathao driver manche ramro tara late aayo,3,8/27/2024,romanized_nepali,1,2,transportation
barber style different bhayo tara thik xa,3,9/18/2023,romanized_nepali,1,1,services
charger heat garxa tara charge dincha,3,4/9/2024,romanized_nepali,1,1,product
chicken chilli mitho thiyo tara tel dherai,3,11/4/2023,romanized_nepali,1,2,food
wifi speed slow xa tara location ramro,3,10/26/2024,romanized_nepali,1,2,hotel_restaurant
scooter suspension hard xa tara pickup ramro,3,6/25/2023,romanized_nepali,1,2,transportation
mobile repair thik bhayo tara paisa dherai,3,1/22/2024,romanized_nepali,1,2,services
keyboard click hard xa tara light ramro,3,10/20/2023,romanized_nepali,1,2,product
momo thik thiyo tara chatni mildo,3,7/19/2024,code_mixed,1,2,food
hotel view ramro xa tara room sano,3,12/24/2023,code_mixed,1,2,hotel_restaurant
bike sound dherai xa tara mileage thik,3,9/12/2024,code_mixed,1,2,transportation
tailor le time dherai lagyo tara silai ramro,3,8/27/2023,code_mixed,1,2,services
earbuds battery kam xa tara sound thik,3,5/30/2024,code_mixed,1,2,product
"Average taste, price okay",3,9/15/2023,english,0,0,food
Room fine but bathroom smell aayo,3,2/28/2024,english,0,0,hotel_restaurant
Driver nice but car old,3,11/9/2023,english,0,0,transportation
Repair thik bhayo tara paisa badhi,3,7/1/2024,english,0,0,services
Mouse scroll okay but click hard,3,12/28/2023,english,0,0,product
buff momo thik thiyo tara spicy dherai,3,3/14/2024,romanized_nepali,1,2,food
hotel breakfast thik thiyo tara option kam,3,7/30/2023,romanized_nepali,1,2,hotel_restaurant
pathao driver manche ramro tara late aayo,3,8/20/2024,romanized_nepali,1,2,transportation
barber style different bhayo tara thik xa,3,9/26/2023,romanized_nepali,1,1,services
charger heat garxa tara charge dincha,3,4/5/2024,romanized_nepali,1,1,product
chicken chilli mitho thiyo tara tel dherai,3,11/30/2023,romanized_nepali,1,2,food
wifi speed slow xa tara location ramro,3,10/17/2024,romanized_nepali,1,2,hotel_restaurant
scooter suspension hard xa tara pickup ramro,3,6/11/2023,romanized_nepali,1,2,transportation
mobile repair thik bhayo tara paisa dherai,3,1/8/2024,romanized_nepali,1,2,services
keyboard click hard xa tara light ramro,3,10/3/2023,romanized_nepali,1,2,product
momo thik thiyo tara chatni mildo,3,7/6/2024,code_mixed,1,2,food
hotel view ramro xa tara room sano,3,12/19/2023,code_mixed,1,2,hotel_restaurant
bike sound dherai xa tara mileage thik,3,9/1/2024,code_mixed,1,2,transportation
tailor le time dherai lagyo tara silai ramro,3,8/14/2023,code_mixed,1,2,services
earbuds battery kam xa tara sound thik,3,5/27/2024,code_mixed,1,2,product
"Average taste, price is fair",3,9/7/2023,english,0,0,food
Room okay but bathroom smell aayo,3,2/15/2024,english,0,0,hotel_restaurant
Driver nice but car old,3,11/2/2023,english,0,0,transportation
Repair thik bhayo tara paisa badhi,3,6/24/2024,english,0,0,services
Mouse scroll okay but click hard,3,12/23/2023,english,0,0,product
buff choila thik thiyo tara spicy dherai,3,3/31/2024,romanized_nepali,1,2,food
hotel breakfast thik thiyo tara option kam,3,7/16/2023,romanized_nepali,1,2,hotel_restaurant
pathao driver manche ramro tara late aayo,3,8/8/2024,romanized_nepali,1,2,transportation
barber style different bhayo tara thik xa,3,9/13/2023,romanized_nepali,1,1,services
charger heat garxa tara charge dincha,3,4/12/2024,romanized_nepali,1,1,product
chicken chilli mitho thiyo tara tel dherai,3,11/25/2023,romanized_nepali,1,2,food
wifi speed slow xa tara location ramro,3,10/3/2024,romanized_nepali,1,2,hotel_restaurant
scooter suspension hard xa tara pickup ramro,3,6/2/2023,romanized_nepali,1,2,transportation
mobile repair thik bhayo tara paisa dherai,3,1/29/2024,romanized_nepali,1,2,services
keyboard click hard xa tara light ramro,3,10/16/2023,romanized_nepali,1,2,product
momo thik thiyo tara chatni mildo,3,7/13/2024,code_mixed,1,2,food
hotel view ramro xa tara room sano,3,12/6/2023,code_mixed,1,2,hotel_restaurant
bike sound dherai xa tara mileage thik,3,9/22/2024,code_mixed,1,2,transportation
tailor le time dherai lagyo tara silai ramro,3,8/1/2023,code_mixed,1,2,services
earbuds battery kam xa tara sound thik,3,5/4/2024,code_mixed,1,2,product
"Average taste, price is fair",3,9/24/2023,english,0,0,food
Room okay but bathroom smell aayo,3,2/9/2024,english,0,0,hotel_restaurant
Driver nice but car old,3,10/30/2023,english,0,0,transportation
Repair thik bhayo tara paisa badhi,3,6/19/2024,english,0,0,services
Mouse scroll okay but click hard,3,12/4/2023,english,0,0,product
buff momo thik thiyo tara spicy dherai,3,3/2/2024,romanized_nepali,1,2,food
hotel breakfast thik thiyo tara option kam,3,7/25/2023,romanized_nepali,1,2,hotel_restaurant
pathao driver manche ramro tara late aayo,3,8/5/2024,romanized_nepali,1,2,transportation
barber style different bhayo tara thik xa,3,9/30/2023,romanized_nepali,1,1,services
charger heat garxa tara charge dincha,3,4/28/2024,romanized_nepali,1,1,product
chicken chilli mitho thiyo tara tel dherai,3,11/7/2023,romanized_nepali,1,2,food
wifi speed slow xa tara location ramro,3,10/14/2024,romanized_nepali,1,2,hotel_restaurant
scooter suspension hard xa tara pickup ramro,3,6/8/2023,romanized_nepali,1,2,transportation
mobile repair thik bhayo tara paisa dherai,3,1/1/2024,romanized_nepali,1,2,services
keyboard click hard xa tara light ramro,3,10/24/2023,romanized_nepali,1,2,product
momo thik thiyo tara chatni mildo,3,7/31/2024,code_mixed,1,2,food
hotel view ramro xa tara room sano,3,12/26/2023,code_mixed,1,2,hotel_restaurant
bike sound dherai xa tara mileage thik,3,9/9/2024,code_mixed,1,2,transportation
tailor le time dherai lagyo tara silai ramro,3,8/8/2023,code_mixed,1,2,services
earbuds battery kam xa tara sound thik,3,5/18/2024,code_mixed,1,2,product
"Average taste, price is fair",3,9/11/2023,english,0,0,food
Room okay but bathroom smell aayo,3,2/22/2024,english,0,0,hotel_restaurant
Driver nice but car old,3,11/17/2023,english,0,0,transportation
Repair thik bhayo tara paisa badhi,3,6/11/2024,english,0,0,services
Mouse scroll okay but click hard,3,12/30/2023,english,0,0,product
buff momo thik thiyo tara spicy dherai,3,3/23/2024,romanized_nepali,1,2,food
hotel breakfast thik thiyo tara option kam,3,7/2/2023,romanized_nepali,1,2,hotel_restaurant
pathao driver manche ramro tara late aayo,3,8/29/2024,romanized_nepali,1,2,transportation
barber style different bhayo tara thik xa,3,9/21/2023,romanized_nepali,1,1,services
charger heat garxa tara charge dincha,3,4/19/2024,romanized_nepali,1,1,product
chicken chilli mitho thiyo tara tel dherai,3,11/12/2023,romanized_nepali,1,2,food
wifi speed slow xa tara location ramro,3,10/20/2024,romanized_nepali,1,2,hotel_restaurant
scooter suspension hard xa tara pickup ramro,3,6/15/2023,romanized_nepali,1,2,transportation
mobile repair thik bhayo tara paisa dherai,3,1/6/2024,romanized_nepali,1,2,services
keyboard click hard xa tara light ramro,3,10/1/2023,romanized_nepali,1,2,product
momo thik thiyo tara chatni mildo,3,7/8/2024,code_mixed,1,2,food
hotel view ramro xa tara room sano,3,12/1/2023,code_mixed,1,2,hotel_restaurant
bike sound dherai xa tara mileage thik,3,9/16/2024,code_mixed,1,2,transportation
tailor le time dherai lagyo tara silai ramro,3,8/22/2023,code_mixed,1,2,services
earbuds battery kam xa tara sound thik,3,5/11/2024,code_mixed,1,2,product
"Average taste, price is fair",3,9/2/2023,english,0,0,food
Room okay but bathroom smell aayo,3,2/1/2024,english,0,0,hotel_restaurant
Driver nice but car old,3,10/23/2023,english,0,0,transportation
Repair thik bhayo tara paisa badhi,3,6/26/2024,english,0,0,services
Mouse scroll okay but click hard,3,12/9/2023,english,0,0,product
buff momo thik thiyo tara spicy dherai,3,3/16/2024,romanized_nepali,1,2,food
hotel breakfast thik thiyo tara option kam,3,7/9/2023,romanized_nepali,1,2,hotel_restaurant
pathao driver manche ramro tara late aayo,3,8/2/2024,romanized_nepali,1,2,transportation
barber style different bhayo tara thik xa,3,9/16/2023,romanized_nepali,1,1,services
charger heat garxa tara charge dincha,3,4/1/2024,romanized_nepali,1,1,product
chicken chilli mitho thiyo tara tel dherai,3,11/18/2023,romanized_nepali,1,2,food
wifi speed slow xa tara location ramro,3,10/7/2024,romanized_nepali,1,2,hotel_restaurant
scooter suspension hard xa tara pickup ramro,3,6/22/2023,romanized_nepali,1,2,transportation
mobile repair thik bhayo tara paisa dherai,3,1/13/2024,romanized_nepali,1,2,services
keyboard click hard xa tara light ramro,3,10/18/2023,romanized_nepali,1,2,product
momo thik thiyo tara chatni mildo,3,7/20/2024,code_mixed,1,2,food
hotel view ramro xa tara room sano,3,12/13/2023,code_mixed,1,2,hotel_restaurant
bike sound dherai xa tara mileage thik,3,9/4/2024,code_mixed,1,2,transportation
tailor le time dherai lagyo tara silai ramro,3,8/15/2023,code_mixed,1,2,services
earbuds battery kam xa tara sound thik,3,5/25/2024,code_mixed,1,2,product
"Average taste, price is fair",3,9/18/2023,english,0,0,food
Room okay but bathroom smell aayo,3,2/5/2024,english,0,0,hotel_restaurant
Driver nice but car old,3,10/16/2023,english,0,0,transportation
Repair thik bhayo tara paisa badhi,3,6/2/2024,english,0,0,services
Mouse scroll okay but click hard,3,12/21/2023,english,0,0,product
buff momo thik thiyo tara spicy dherai,3,3/9/2024,romanized_nepali,1,2,food
hotel breakfast thik thiyo tara option kam,3,7/23/2023,romanized_nepali,1,2,hotel_restaurant
pathao driver manche ramro tara late aayo,3,8/16/2024,romanized_nepali,1,2,transportation
barber style different bhayo tara thik xa,3,9/4/2023,romanized_nepali,1,1,services
charger heat garxa tara charge dincha,3,4/21/2024,romanized_nepali,1,1,product
chicken chilli mitho thiyo tara tel dherai,3,11/26/2023,romanized_nepali,1,2,food
wifi speed slow xa tara location ramro,3,10/11/2024,romanized_nepali,1,2,hotel_restaurant
scooter suspension hard xa tara pickup ramro,3,6/29/2023,romanized_nepali,1,2,transportation
mobile repair thik bhayo tara paisa dherai,3,1/20/2024,romanized_nepali,1,2,services
keyboard click hard xa tara light ramro,3,10/15/2023,romanized_nepali,1,2,product
momo thik thiyo tara chatni mildo,3,7/27/2024,code_mixed,1,2,food
hotel view ramro xa tara room sano,3,12/8/2023,code_mixed,1,2,hotel_restaurant
bike sound dherai xa tara mileage thik,3,9/23/2024,code_mixed,1,2,transportation
tailor le time dherai lagyo tara silai ramro,3,8/29/2023,code_mixed,1,2,services
earbuds battery kam xa tara sound thik,3,5/2/2024,code_mixed,1,2,product
"Average taste, price is fair",3,9/29/2023,english,0,0,food
Room okay but bathroom smell aayo,3,2/12/2024,english,0,0,hotel_restaurant
Driver nice but car old,3,10/9/2023,english,0,0,transportation
Repair thik bhayo tara paisa badhi,3,6/5/2024,english,0,0,services
Mouse scroll okay but click hard,3,12/16/2023,english,0,0,product
Khana dami thyo tara price ali dherai lagyo malai.,4,5/14/2023,romanized_nepali,1,1,food
The delivery was late by 30 minutes. Not happy with the service.,2,1/20/2024,english,0,0,services
"Bike ekdum smooth cha, pick up babbal cha product ko.",5,11/5/2022,code_mixed,1,1,transportation
Room was clean but the AC was making too much noise all night.,3,8/12/2023,english,0,0,hotel_restaurant
"Lastai jhyau lagyo pathao kurda kurda, cancel gardiyo driver le.",1,6/18/2024,romanized_nepali,1,2,transportation
"Build quality is thikai cha, price anusaar thik ho.",3,2/2/2025,code_mixed,1,1,product
Staff behavior was very polite and helpful. Highly recommended.,5,12/10/2023,english,0,0,services
"Paisa vasool thau ho, sasto ma mitho khaja paincha.",5,9/25/2022,romanized_nepali,1,2,food
The scooter is good for daily commute but mileage is not that great.,3,4/30/2024,english,0,0,transportation
"Momo ko achar kasto ramailo thyo, service pani fast.",5,3/15/2023,code_mixed,1,1,food
"Display ali ramro chaina yo mobile ko, colors dull chan.",2,10/12/2024,romanized_nepali,1,1,product
Waiters were ignoring us. Food took forever to arrive.,1,1/5/2025,english,0,0,hotel_restaurant
Internet speed is quite stable these days. Good job.,4,7/21/2023,english,0,0,services
Product ramro thyo but packaging kasto loose thyo.,3,12/19/2022,code_mixed,1,1,product
"Room ekdum dami cha, view pani babbal dekhincha.",5,8/8/2024,romanized_nepali,1,2,hotel_restaurant
I ordered a medium shirt but they sent a large one. Bad experience.,2,11/22/2023,english,0,0,product
Ride was safe and driver was decent. Thik cha.,4,2/14/2024,code_mixed,1,1,transportation
"Khana ko taste medium thyo, not worth the hype.",3,10/1/2022,code_mixed,0,0,food
Sasto hotel tara safa ra ramro staff.,4,6/25/2023,romanized_nepali,1,1,hotel_restaurant
The laptop heating issue is real. Better avoid this model.,2,9/30/2024,english,0,0,product
"Service lastai slow thyo, pani lyauna 20 mins lagayo.",2,4/11/2023,code_mixed,1,1,hotel_restaurant
"Mitho thyo thakali set, local kukhura ko masu babbal.",5,8/17/2022,romanized_nepali,1,2,food
Affordable and reliable service. Will use again.,5,12/5/2024,english,0,0,services
Helmet quality is top notch. Safety first.,5,1/28/2023,code_mixed,0,0,product
"Indriver ko driver le dherai bargaining garyo, jhyau lagyo.",2,7/15/2024,romanized_nepali,1,1,transportation
Food was delicious but the portion size was small.,3,5/20/2022,english,0,0,food
"Yo range ma yo vanda ramro bike painna, paisa vasool!",5,9/9/2023,romanized_nepali,1,2,transportation
App is lagging so much after the update. Please fix it.,1,11/18/2024,english,0,0,services
Service thik cha tara ali mahango ho ki jasto lagyo.,3,2/27/2023,code_mixed,1,1,services
Great ambiance and live music. Loved the vibe.,5,3/22/2024,english,0,0,hotel_restaurant
"Shoe ko color ali farak aayo, photo jasto chaina.",2,7/14/2022,romanized_nepali,0,0,product
Chicken burger was very juicy. Dami taste!,5,10/30/2023,code_mixed,1,1,food
The technician arrived on time and fixed the washing machine.,5,5/12/2024,english,0,0,services
"Cab bhitra ekdum fohor thyo, smell pani naramro.",2,6/4/2023,romanized_nepali,1,1,transportation
"Thik cha, normal quality ho, dherai expect nagarnu.",3,4/18/2022,romanized_nepali,1,1,product
Service was excellent and the food was served hot.,4,1/29/2024,english,0,0,food
"Vitra ko environment kasto ramailo, family sanga jada ramro.",4,11/11/2023,code_mixed,1,1,hotel_restaurant
Engine noise is too loud after just 1 year of usage.,2,3/22/2022,english,0,0,transportation
"Paisa vasool mobile, battery backup babbal cha.",5,9/2/2024,code_mixed,1,2,product
"Internet jhyau cha bhanya, data chalda ni chaldaina.",1,8/25/2023,romanized_nepali,1,1,services
"Mitho khaja set, must try for everyone.",4,12/1/2022,code_mixed,1,1,food
Parking space is very small. Hard to find a spot.,3,2/28/2024,english,0,0,hotel_restaurant
Yo product ko design dami cha tara ali mahango cha.,4,5/19/2023,romanized_nepali,1,1,product
Staffs were quite rude when I asked for a refund.,1,1/14/2025,english,0,0,services
Ride was smooth. Driver was driving very carefully.,5,11/20/2022,english,0,0,transportation
"Khana thik thikai thyo, special kei thiyena.",3,7/7/2023,romanized_nepali,1,1,food
Best place for hangouts. Price is also reasonable.,5,10/5/2024,english,0,0,hotel_restaurant
"Battery dherai tikdaina yo phone ko, lastai jhyau.",2,12/30/2023,romanized_nepali,1,1,product
Service is slow during rush hours. Need more staff.,3,6/15/2022,english,0,0,services
Scooter ko control ekdum ramro cha city ko lagi.,4,3/10/2024,code_mixed,1,1,transportation
The pizza was too salty. Couldn't even finish one slice.,1,9/18/2023,english,0,0,food
"Ramro thau cha, family sanga ramailo garna milne.",4,4/25/2022,romanized_nepali,1,1,hotel_restaurant
Delivery was fast. Product quality is also good.,5,6/12/2024,english,0,0,product
"Driver dai ekdum babbal hunu hudo raicha, gaphandi!",5,11/3/2023,code_mixed,1,1,transportation
"Kasto naramro service, 1 hour wait garna lagayo.",1,8/29/2022,romanized_nepali,0,0,services
"Thik cha, budget hotel ho, room ali sano cha.",3,5/20/2024,code_mixed,1,1,hotel_restaurant
Mitho khana tara quantity ali kam thyo.,4,2/14/2023,romanized_nepali,1,1,food
Sound quality of the earbuds is dami for this price.,5,7/22/2024,code_mixed,1,1,product
The taxi fare was too high. He didn't use the meter.,1,10/10/2022,english,0,0,transportation
"Process ekdum jhyau cha yo bank ko, dherai paperwork.",2,12/5/2023,code_mixed,1,1,services
View was great and the food was also delicious.,5,1/15/2024,english,0,0,hotel_restaurant
Momo ko size sano bhaye pani taste babbal thyo.,4,9/12/2022,romanized_nepali,1,1,food
The keyboard is not working properly. Some keys are stuck.,1,4/18/2023,english,0,0,product
Ride was okay but the helmet was very dirty.,3,8/27/2024,code_mixed,0,0,transportation
"Lastai ramro thau, kasto shanta environment.",5,1/1/2023,romanized_nepali,1,1,hotel_restaurant
Support team helped me solve the issue quickly.,5,11/25/2024,english,0,0,services
"Paisa vasool thyo dinner, sabai kura mitho.",5,6/30/2022,code_mixed,1,2,food
Material quality is poor. Torn after two washes.,1,10/14/2023,english,0,0,product
"Thik cha, kaam chalau mobile ho.",3,2/9/2024,romanized_nepali,1,1,product
"Bike's fuel efficiency is dami, money saver.",5,3/12/2022,code_mixed,1,1,transportation
Room service was not responding at 10 PM. Disappointed.,2,5/2/2023,english,0,0,hotel_restaurant
Mitho thyo tara delivery charge ali dherai thyo.,4,6/21/2024,romanized_nepali,1,1,food
Wifi speed is decent for home use.,4,11/28/2022,english,0,0,services
Pathao driver was late and didn't apologize.,2,8/4/2023,code_mixed,0,0,transportation
"Watch ko design babbal cha, sabai le sodhchan.",5,4/12/2024,romanized_nepali,1,1,product
The bed was very uncomfortable. Woke up with back pain.,1,12/15/2022,english,0,0,hotel_restaurant
Coffee thik cha tara parking lastai jhyau cha.,3,3/30/2023,code_mixed,1,2,food
"Good customer support, fixed my bill issue in a day.",5,9/17/2024,english,0,0,services
"Bag ko chain bigriyo 2 din mai, quality naramro.",1,7/2/2022,romanized_nepali,0,0,product
The ride was very smooth. Bike was well maintained.,5,11/19/2023,english,0,0,transportation
"Paisa vasool hotel, thau pani safa cha.",4,2/10/2024,romanized_nepali,1,1,hotel_restaurant
Pizza was cold when it reached me. Terrible delivery.,1,5/14/2022,english,0,0,food
"Phone ko camera dami cha, photos clean aaucha.",5,6/22/2023,code_mixed,1,1,product
Staffs are slow but friendly. Food is okay.,3,1/8/2024,english,0,0,hotel_restaurant
"Khana kasto ramailo thyo, ambience pani babbal.",5,10/2/2023,code_mixed,1,1,food
"Internet slow bhayera jhyau bhaisakyo, k gareko hola.",2,4/3/2022,romanized_nepali,1,1,services
Excellent service and the car was very clean.,5,12/12/2024,english,0,0,transportation
"Thik cha, normal usage ko lagi ramro product ho.",4,9/21/2023,code_mixed,1,1,product
Swimming pool was not clean at all. Water was green.,1,8/11/2022,english,0,0,hotel_restaurant
"Driver dai ali friendly hunu paryo, kasto rishaha.",2,2/19/2023,romanized_nepali,0,0,transportation
Food arrived late but it was still hot and tasty.,4,3/5/2024,english,0,0,food
"Lastai mitho thakali set, Kathmandu ko best thau.",5,11/14/2022,code_mixed,1,1,food
The mouse stopped working after two weeks. Cheap quality.,1,7/28/2023,english,0,0,product
Service was very professional. Highly recommended.,5,10/20/2024,english,0,0,services
Mitho thyo but service ali slow thyo.,3,1/15/2023,code_mixed,1,1,food
"Hotel ko location ramro cha, view babbal dekhincha.",5,5/30/2022,romanized_nepali,1,2,hotel_restaurant
"The bike is a bit heavy for me, but overall it's great.",4,5/1/2024,english,0,0,transportation
"Internet jhyau lagyo malai, customer support ni ramro chaina.",2,8/14/2023,romanized_nepali,1,1,services
"Price anusaar product ramro cha, dami design.",5,7/7/2024,code_mixed,1,1,product
Waiters are really fast here. Food is always fresh.,5,12/25/2022,english,0,0,food
"Thik thikai cha, price ali mahango lagyo malai.",3,4/20/2023,romanized_nepali,1,1,services
Room was too small and no windows. Very stuffy.,2,2/18/2024,english,0,0,hotel_restaurant
"Bike lastai dami cha, power babbal cha.",5,9/3/2022,code_mixed,1,2,transportation
Worst experience. They cancelled my order after 2 hours.,1,11/28/2023,english,0,0,services
"Dami thau ho, sathi haru sanga chill garna ramro.",5,6/5/2024,romanized_nepali,1,1,hotel_restaurant
Momo mitho thyo tara soup ali kam bhayo.,4,3/25/2022,code_mixed,1,1,food
Screen guards was already scratched. Very disappointed.,1,6/12/2023,english,0,0,product
Service is fast and reliable. Good for home needs.,5,8/15/2024,english,0,0,services
"Paisa vasool thik cha, budget bike ho.",4,7/20/2022,romanized_nepali,1,2,transportation
Food portion was very small for the price.,2,5/10/2023,english,0,0,food
"Babbal hotel cha, Kathmandu ma esto sasto painna.",5,1/25/2024,code_mixed,1,1,hotel_restaurant
"Kasto ramro product, delivery pani timely bhayo.",5,10/30/2022,romanized_nepali,1,1,product
Scooter is slow in hills. Not recommended for hilly areas.,2,9/14/2023,english,0,0,transportation
Customer service response is very slow. I'm waiting for a week.,2,11/2/2024,english,0,0,services
"Mitho thyo lunch, environment pani kasto ramailo.",5,6/18/2022,code_mixed,1,1,food
"Jhyau lagyo line basda basda, ticket system ramro chaina.",2,12/22/2023,romanized_nepali,1,1,services
The mattress was hard and uncomfortable. Didn't sleep well.,2,4/5/2024,english,0,0,hotel_restaurant
Camera quality babbal cha yo phone ko.,5,4/12/2022,code_mixed,1,1,product
Everything was perfect. The staff was professional.,5,3/8/2023,english,0,0,services
Ride safe thyo tara driver dai dherai bolne.,4,9/19/2024,code_mixed,1,1,transportation
"Mitho khana, service pani thik cha.",4,8/25/2022,romanized_nepali,1,1,food
Price is too high for the quality provided.,2,7/11/2023,english,0,0,product
"Babbal experience, must visit this hotel once.",5,5/28/2024,code_mixed,1,1,hotel_restaurant
"Thik cha, delivery timely bhayo.",4,1/15/2022,romanized_nepali,1,1,product
The food was cold and the waiter was rude.,1,11/5/2023,english,0,0,food
"Paisa vasool ride, driver ekdum ramro thyo.",5,10/14/2024,code_mixed,1,2,transportation
Service ali slow thyo but overall thik cha.,3,2/20/2022,code_mixed,1,1,services
Clean rooms and great breakfast. Loved it.,5,4/12/2023,english,0,0,hotel_restaurant
Khana mitho tara thau ali fohor thyo.,2,2/1/2024,romanized_nepali,1,1,food
"Dami sound cha yo speaker ko, recommended.",5,12/5/2022,code_mixed,1,1,product
"Internet jhyau bhayo, customer service help garena.",1,9/22/2023,romanized_nepali,1,1,services
Good bike for long tours. Comfortable seats.,5,11/15/2024,english,0,0,transportation
Momo was overcooked. Not a good experience.,2,5/18/2022,english,0,0,food
"Room ekdum safa, paisa vasool thau ho.",5,6/30/2023,romanized_nepali,1,1,hotel_restaurant
The app interface is very confusing for beginners.,3,3/25/2024,english,0,0,services
"Product ramro thyo, delivery pani babbal.",5,9/12/2022,code_mixed,1,1,product
Taxi driver le meter ma jana manena. Lastai jhyau.,1,1/8/2023,code_mixed,1,1,transportation
"The soup was excellent, but the main course was average.",3,8/12/2024,english,0,0,food
Mitho thyo tara service ali slow thyo.,3,11/20/2022,code_mixed,1,1,hotel_restaurant
"Battery life is excellent, lasts for 2 days easily.",5,12/5/2023,english,0,0,product
"Lastai ramro service, staff ekdum polite.",5,7/22/2024,romanized_nepali,1,1,services
Ride comfortable thyo tara ali expensive ho.,4,4/18/2022,code_mixed,1,1,transportation
The hotel was under construction. Very noisy during the day.,1,8/1/2023,english,0,0,hotel_restaurant
"Mitho thyo biryani, quantity pani babbal.",5,2/14/2024,romanized_nepali,1,1,food
The charger gets very hot while charging.,2,10/9/2022,english,0,0,product
Internet speed is top notch in this area.,5,5/25/2023,english,0,0,services
Bike's pickup is not good with pillion passenger.,3,6/12/2024,english,0,0,transportation
"Kasto ramailo thau, family ko lagi perfect.",5,3/3/2022,romanized_nepali,1,1,hotel_restaurant
Food was okay but price was too high.,3,11/18/2023,english,0,0,food
"Product dami cha, delivery ali dhilo vayo.",4,9/30/2024,code_mixed,1,1,product
Staffs were very helpful and room was neat.,4,8/27/2022,english,0,0,hotel_restaurant
"Service lastai jhyau cha, phone ni uthaudaina.",1,2/12/2023,romanized_nepali,1,1,services
"Mitho lunch, must try chicken curry.",5,1/5/2024,code_mixed,1,1,food
Ride thik thyo tara rider dherai speed kudayo.,3,12/19/2022,code_mixed,1,1,transportation
The camera zoom is amazing. Highly impressed.,5,10/15/2023,english,0,0,product
"Thik cha, budget hotel room ali thulo bhaye hunthyo.",3,11/20/2024,code_mixed,1,1,hotel_restaurant
Khana mitho thyo tara service slow thyo.,4,4/22/2022,romanized_nepali,1,1,food
The service was below average. Not coming back.,2,1/29/2023,english,0,0,services
"Dami ride thyo, driver dai ekdum babbal.",5,5/15/2024,code_mixed,1,2,transportation
The laptop build quality is top notch.,5,9/8/2022,english,0,0,product
"Paisa vasool thau ho, sathi haru lai recommend garchu.",4,12/14/2023,romanized_nepali,1,1,hotel_restaurant
Food took an hour to arrive. Very frustrated.,1,3/2/2024,english,0,0,food
Mobile ko software ali slow cha.,3,6/25/2022,code_mixed,1,1,product
Everything was perfect during our stay.,5,11/20/2023,english,0,0,hotel_restaurant
Service was good but price was high.,3,12/5/2024,english,0,0,services
"Scooter ko mileage dami cha, paisa vasool.",5,1/30/2022,code_mixed,1,2,transportation
"Ramro thau, sasto ma mitho khana.",4,5/18/2023,romanized_nepali,1,1,food
Screen quality of this TV is babbal.,5,8/10/2024,code_mixed,1,1,product
Room was clean but the staff was slow.,3,10/15/2022,english,0,0,hotel_restaurant
"Service kasto slow, food pani thada thyo.",2,2/28/2023,code_mixed,1,1,food
"Great ride, safe and professional driver.",5,6/25/2024,english,0,0,transportation
Internet was down for two days. No compensation.,1,7/12/2022,english,0,0,services
"Dami mobile phone, camera ekdum clear cha.",5,9/2/2023,code_mixed,1,1,product
Mitho thyo tara waiting time ali dherai thyo.,4,3/12/2024,code_mixed,1,1,food
The location is great but the hotel needs renovation.,3,4/30/2022,english,0,0,hotel_restaurant
"Ramro bike, pick up ekdum ramro cha.",4,1/20/2023,romanized_nepali,1,1,transportation
Staffs are polite and helpful. Good service.,5,11/5/2024,english,0,0,services
"Mitho momo, chutney babbal thyo.",5,8/14/2022,romanized_nepali,1,1,food
"Product quality thik cha, delivery fast bhayo.",4,12/10/2023,code_mixed,1,1,product
The room had a bad smell. Very disappointed.,2,5/18/2024,english,0,0,hotel_restaurant
"Paisa vasool mobile, performance dami cha.",5,5/22/2022,code_mixed,1,2,product
Khana mitho thyo tara service slow thyo.,3,4/4/2023,romanized_nepali,1,1,food
The delivery guy was lost for 20 minutes.,2,2/27/2024,english,0,0,services
Bike's build quality is excellent.,5,11/12/2022,english,0,0,transportation
"Ramro experience thyo, sathi haru sanga ramailo.",5,9/25/2023,romanized_nepali,1,1,hotel_restaurant
Food was fresh and very tasty.,5,7/15/2024,english,0,0,food
Product ali mahango thyo tara thik cha.,3,3/30/2022,code_mixed,1,1,product
The hotel view was stunning. Best stay so far.,5,6/12/2023,english,0,0,hotel_restaurant
"Internet jhyau lagyo malai, late response.",2,10/2/2024,romanized_nepali,1,1,services
"Mitho momo and soup, babbal taste.",5,9/18/2022,code_mixed,1,1,food
"Ride comfortable thyo, driver dai pani ramro.",5,11/28/2023,romanized_nepali,1,1,transportation
"The sound quality is average, not worth it.",2,4/22/2024,english,0,0,product
"Dami room, view pani dami dekhincha.",5,12/5/2022,romanized_nepali,1,1,hotel_restaurant
Service ali slow thyo tara staffs polite chan.,4,8/14/2023,code_mixed,1,1,services
"The pizza was really good, definitely order again.",5,1/20/2024,english,0,0,food
"Paisa vasool bike, average pani ramro cha.",5,7/2/2022,romanized_nepali,1,2,transportation
Mobile hanging issue. Not happy at all.,1,5/15/2023,english,0,0,product
Hotel staff was very supportive and kind.,5,9/8/2024,english,0,0,hotel_restaurant
Khana mitho tara thau ali fohor thyo.,3,11/25/2022,romanized_nepali,1,1,food
"Great service, solved my issue in minutes.",5,2/12/2023,english,0,0,services
"Bike lastai dami, pick up babbal.",5,6/30/2024,code_mixed,1,2,transportation
"Product thik thikai thyo, nothing special.",3,5/12/2022,code_mixed,1,1,product
The room was a bit small for two people.,3,12/18/2023,english,0,0,hotel_restaurant
"Khana babbal thyo, sasto pani.",5,11/12/2024,romanized_nepali,1,1,food
"The ride was a bit shaky, needs maintenance.",3,8/20/2022,english,0,0,transportation
"Internet slow bhayo, lastai jhyau.",2,4/10/2023,romanized_nepali,1,1,services
"Dami sound cha, worth the money.",5,3/25/2024,code_mixed,1,1,product
Waiters are polite and the food is great.,5,10/14/2022,english,0,0,hotel_restaurant
Mitho thyo tara waiting dherai garnu parne.,3,7/22/2023,romanized_nepali,1,1,food
"Service excellent cha, recommended.",5,12/1/2024,code_mixed,0,0,services
The scooter is comfortable for city rides.,4,4/15/2022,english,0,0,transportation
"Dami mobile, budget ma babbal camera.",5,11/5/2023,code_mixed,1,2,product
The food was very spicy. I couldn't eat it.,2,8/30/2024,english,0,0,food
"Hotel room clean thyo, service pani thik cha.",4,2/18/2022,code_mixed,1,1,hotel_restaurant
"Lastai ramro thau, sasto pani.",5,1/25/2023,romanized_nepali,1,1,food
Service response was fast and helpful.,5,10/12/2024,english,0,0,services
"Bike ko performance thik cha, design babbal.",4,9/8/2022,code_mixed,1,1,transportation
The product quality is not as expected.,3,6/30/2023,english,0,0,product
"Paisa vasool thau ho, family sanga ramailo.",5,5/20/2024,romanized_nepali,1,1,hotel_restaurant
Khana mitho thyo tara price ali dherai.,4,12/14/2022,romanized_nepali,1,1,food
"Excellent stay, room was very comfortable.",5,11/20/2023,english,0,0,hotel_restaurant
Internet slow bhayera jhyau cha.,2,1/12/2024,romanized_nepali,1,1,services
Dami sound cha yo speaker ko.,5,10/30/2022,code_mixed,1,1,product
The ride was safe and the bike was clean.,5,3/8/2023,english,0,0,transportation
Mitho momo tara waiting time ali dherai.,4,7/22/2024,code_mixed,1,1,food
"Service thik thikai thyo, nothing special.",3,4/18/2022,code_mixed,1,1,services
"Great stay, rooms are neat and clean.",5,9/19/2023,english,0,0,hotel_restaurant
"Paisa vasool mobile, babbal camera quality.",5,12/5/2024,code_mixed,1,2,product
"Khana mitho thyo, service fast thyo.",5,1/30/2022,romanized_nepali,1,1,food
The ride was a bit expensive than expected.,3,8/14/2023,english,0,0,transportation
Service slow thyo tara staffs polite chan.,4,11/20/2024,code_mixed,1,1,services
"Product ramro thyo, delivery fast thyo.",5,6/12/2022,code_mixed,1,1,product
"Room clean thyo, view dami thyo.",5,5/18/2023,code_mixed,1,1,hotel_restaurant
Khana mitho tara portion ali kam thyo.,4,3/12/2024,romanized_nepali,1,1,food
Excellent service and friendly staffs.,5,10/15/2022,english,0,0,services
Bike ko performance dami cha.,5,12/1/2023,code_mixed,1,1,transportation
"Thik thikai cha product, price dherai vayo.",3,8/10/2024,code_mixed,1,1,product
Great place for weekend hangouts.,5,3/30/2022,english,0,0,hotel_restaurant
"Momo mitho thyo, babbal chutney.",5,6/12/2023,code_mixed,1,1,food
"Internet slow thyo, jhyau lagyo.",2,10/2/2024,romanized_nepali,1,1,services
The ride was comfortable and safe.,5,9/18/2022,english,0,0,transportation
"Dami camera quality, mobile ramro cha.",5,11/28/2023,code_mixed,1,1,product
"dal bhat mitho thiyo, service chito thiyo tara chutney thapnu parthyo",4,7/18/2022,romanized_nepali,1,1,food
Room was clean and staff polite. Wi-Fi was patchy though.,4,11/2/2023,english,0,0,hotel_restaurant
"phone ko battery life expected jastai aayo, camera thik chha",4,1/9/2024,romanized_nepali,0,0,product
Driver arrived late but car was clean. Fare reasonable.,3,12/21/2022,english,0,0,transportation
internet thikai cha tara support response time dherai slow thiyo,3,5/15/2023,romanized_nepali,0,0,services
"momo ramro thiyo, chutney ekdam mitho, price thik cha",5,8/7/2024,romanized_nepali,1,2,food
Stayed two nights. Breakfast was basic but acceptable. Location convenient.,4,10/4/2022,english,0,0,hotel_restaurant
"charger quality chhito bigriyo, refund process madhyama thiyo",2,2/26/2023,romanized_nepali,0,0,product
"cab driver polite, AC thik cha but traffic le 30 mins extra lagyo",4,6/12/2024,code_mixed,0,0,transportation
"AC installation team time ma ayo, kaam ramro nagaryo bhanina tara follow-up slow thiyo",3,9/3/2022,code_mixed,1,1,services
"Pasta tasted okay, portion thapna parcha. Service a little slow.",3,7/22/2023,code_mixed,0,0,food
Hotel staff helpful but room was noisy at night. Earplugs would help.,3,10/31/2024,english,0,0,hotel_restaurant
"Mouse ani keyboard dono ramro quality jasto chha, paisa vasool",5,11/11/2022,romanized_nepali,1,1,product
"Scooter start garna problem ayo in cold morning, battery service check gareu bhane ramro hunthyo",2,12/5/2023,code_mixed,0,0,transportation
"plumber aayi same day solution diye, polite and efficient",5,3/29/2024,english,0,0,services
burger ramro thiyo tara bun thodo hatar ma rakhe jasto lagyo,4,8/14/2022,romanized_nepali,0,0,food
"Decoration nice, staff friendly. Price slightly high for portion size.",3,4/18/2023,english,0,0,hotel_restaurant
"headphones sound quality dami cha, comfortable pani",5,2/1/2024,romanized_nepali,1,1,product
Driver was helpful but meter malfunctioned; had to argue about fare.,2,9/9/2023,english,0,0,transportation
"internet recharge garna easy process, data speed ramro cha",5,1/20/2025,romanized_nepali,0,0,services
"thulo plate share gariyo, taste thik cha but flavor mild thiyo",3,5/5/2022,romanized_nepali,0,0,food
Breakfast spread basic but clean and fresh. Staff smiled.,4,7/7/2024,english,0,0,hotel_restaurant
Laptop fan thoda loud cha but overall performance good,4,3/13/2023,code_mixed,0,0,product
"motorcycle ko gears smooth chhaina, service center time ma respond garyo",2,6/30/2022,romanized_nepali,0,0,transportation
"AC repair team polite but parts late ayo, overall fine",3,8/25/2023,code_mixed,0,0,services
"chowmein flavor ramailo thiyo, spice thik cha",4,9/16/2024,romanized_nepali,1,1,food
Room smelled a bit of dampness. Staff offered alternate room quickly.,3,2/11/2025,english,0,0,hotel_restaurant
"watch design ramro chha, strap thoda cheap lagyo",4,3/19/2022,code_mixed,1,1,product
"cab waited 10 min more without call, driver apologized though",3,5/2/2024,english,0,0,transportation
"painting service done well, cleanup thik bhaena but final look ramro cha",4,10/14/2023,code_mixed,0,0,services
"fried rice thik thiyo, but chicken thodo overcooked jasto lagyo",3,4/26/2022,code_mixed,0,0,food
"Nice rooftop view. Drinks were okay, staff friendly.",4,11/20/2024,english,0,0,hotel_restaurant
"soap dispenser broken thiyo when arrived, housekeeping fixed immediately",4,6/1/2023,romanized_nepali,0,0,hotel_restaurant
"Shoes comfortable, size fit perfectly. Paint on sole thoda uneven",4,1/5/2025,english,0,0,product
"two-wheeler servicing done on time, brake adjust gare pachi smooth chalyo",5,1/28/2023,romanized_nepali,0,0,transportation
internet setup complicated thiyo but team guided bhaye pachi thik bhayo,4,1/12/2022,code_mixed,0,0,services
"thulo plate ko fish fresh thiyo, price tad-bit high tara reasonable",4,2/17/2024,code_mixed,0,0,food
Staff at reception were helpful. Elevator slow during peak hours.,3,8/2/2023,english,0,0,hotel_restaurant
"product arrived late by two days, packaging fine though",3,2/9/2022,english,0,0,product
"helmet comfortable, strap secure. Color thap options huna parthyo",4,4/28/2024,code_mixed,0,0,product
"driver rude thiyo, route pani long, not happy",1,5/27/2023,code_mixed,0,0,transportation
"AC technician professional, fixed leak quickly",5,11/29/2022,english,0,0,services
"tea pani ramro thiyo, sitting area clean",4,6/3/2024,romanized_nepali,1,1,food
Breakfast omelette undercooked. Reception handled the complaint well.,3,10/10/2023,english,0,0,hotel_restaurant
"camera lens clear, zoom thik chha. shipping slow thiyo",4,5/20/2022,code_mixed,0,0,product
"scooter mileage expected jasto aayo, service center friendly",4,9/29/2024,romanized_nepali,0,0,transportation
internet technician late but solved issue. Communication could be better.,3,12/15/2023,english,0,0,services
"chicken wings spicy ra crispy, overall dami taste",5,1/3/2024,code_mixed,1,1,food
"Stayed for honeymoon, staff courteous. Room view better than photos.",5,2/25/2025,english,0,0,hotel_restaurant
"TV remote chhito fail garyo, replacement send garna time lagyo",2,6/18/2023,romanized_nepali,0,0,hotel_restaurant
keyboard backlight thik cha but keys slightly stiff,4,8/9/2022,english,0,0,product
"engine noise thoda badhi cha while idling, mechanic suggested tune-up",3,3/5/2024,code_mixed,0,0,transportation
"gardener service regular aayo, plants healthy bhae",5,2/8/2023,romanized_nepali,0,0,services
pizza crust thik cha but toppings less thiye,3,5/21/2024,code_mixed,0,0,food
"Lobby clean, but pool closed during our stay which disappointed kids",3,7/30/2023,english,0,0,hotel_restaurant
"case material thin chha, but fit perfect",3,4/3/2022,code_mixed,0,0,product
"cab driver saved time by taking shortcut, good knowledge of roads",5,12/1/2024,english,0,0,transportation
electrician came late but fixed wiring safely. Price transparent.,4,3/31/2023,english,0,0,services
"sauce taste ramro thiyo, portion thoda sasto hunu parthyo",4,9/25/2022,romanized_nepali,1,1,food
"Tea service slow during peak time, but food was fresh",3,3/11/2024,english,0,0,food
"Reception upgraded room without extra charge, very kind staff",5,1/16/2025,english,0,0,hotel_restaurant
"phone screen crisp and colors clear, but fingerprint sensor slow",4,11/19/2023,english,0,0,product
"scooter mileage lower than claimed, need to check",2,6/18/2024,english,0,0,transportation
"house cleaning service punctual, did good job. Recommend.",5,1/6/2023,english,0,0,services
"Aalu curry thik cha, but flavor thoda bland lagyo",3,12/8/2022,romanized_nepali,0,0,food
"dinner ambience ramailo thiyo, live music thik cha",5,8/20/2024,romanized_nepali,1,1,hotel_restaurant
"Toothpaste cap leaked in package, seller replied and replaced quickly",4,5/6/2023,english,0,0,product
"gear slipping sometimes, but overall scooter fine for city",3,7/26/2022,code_mixed,0,0,transportation
"painter team polite, color finish clean. Timing thoda late",4,9/12/2023,code_mixed,0,0,services
"burger ko patty juicy thiyo, fries crisp",5,10/6/2024,romanized_nepali,1,1,food
"Pool water cold and unmaintained, complained and they cleaned next day",3,7/4/2023,english,0,0,hotel_restaurant
"Backpack straps comfortable, zipper weak on one side",3,2/27/2022,english,0,0,product
"engine start garna mild problem in cold, need regular check",2,1/27/2024,romanized_nepali,0,0,transportation
"AC service cost fair, technician explained issue well",4,11/3/2023,english,0,0,services
"momo quantity thapna parcha for price, taste ramro cha",4,3/15/2022,romanized_nepali,1,1,food
"Reception miscommunication caused delay on check-in, they apologized",3,4/9/2024,english,0,0,hotel_restaurant
"Bluetooth speaker loud and clear, battery lasts long",5,6/22/2023,english,0,0,product
"driver overcharged us for short ride, not acceptable",1,8/31/2022,english,0,0,transportation
plumber arrived on time but took more time than estimated,3,2/19/2023,english,0,0,services
"thali set ramro thiyo, variety thik cha",5,7/1/2024,romanized_nepali,1,1,food
"Bed sheets thik chhaina, stains thiyo. Staff changed immediately.",2,10/28/2023,code_mixed,0,0,hotel_restaurant
"power bank lightweight, charges phone fast. Good value",5,6/11/2022,english,0,0,product
"scooter service center staff unhelpful, parts unavailable for a week",2,9/7/2024,english,0,0,transportation
"AC filter cleaning done well, house smell fresh",5,12/24/2023,english,0,0,services
"chowmein ko noodles thik cha, sauce slightly oily",3,5/14/2022,romanized_nepali,0,0,food
view from balcony stunning. Service at restaurant slow at times.,4,11/11/2024,english,0,0,hotel_restaurant
"earphones disconnected sometimes, warranty claim smooth though",3,4/2/2023,english,0,0,product
"bike alignment thik gare pachi ride smooth bhayo, mechanic ramro cha",5,9/1/2022,romanized_nepali,1,1,transportation
"water supplier delayed delivery two times, communication poor",2,8/21/2023,english,0,0,services
mo:mo portion tiny but taste good. Price adjust garnu hola,3,2/22/2024,code_mixed,0,0,food
Check-in quick and smooth. Room slightly small for family of four.,3,2/2/2025,english,0,0,hotel_restaurant
"charger cable flimsy, replaced under warranty",3,10/20/2022,english,0,0,product
"cab AC not working, driver said small problem but smelled weird",1,6/27/2024,english,0,0,transportation
"gardening service reliable, plants look healthy now",5,1/15/2023,english,0,0,services
chicken momo mitho thiyo but staff thoda distracted lagthyo,4,7/2/2022,code_mixed,1,1,food
Breakfast options limited but taste good. Coffee weak.,3,8/29/2024,english,0,0,hotel_restaurant
"watch strap broke after a month, warranty refused—disappointed",1,5/14/2023,english,0,0,product
"scooter pick-up service helpful, delivered next day",5,3/7/2022,english,0,0,transportation
"water purifier installation done neatly, explained usage well",5,9/30/2023,english,0,0,services
"momo ko sauce thik cha, but souse stick ma aayo, avoid stick",3,5/10/2024,code_mixed,0,0,food
"Hotel provided early check-in, very helpful when we arrived late night",5,1/2/2025,english,0,0,hotel_restaurant
"Bluetooth keyboard keys sticky after few days, returned easily though",3,11/7/2022,english,0,0,product
"brake pads replaced, bike feels safe now. Technician thorough",5,4/16/2024,english,0,0,transportation
"plumber arrived within hour, fixed leak properly. Fair charge",4,2/2/2023,english,0,0,services
"thado achar chu, food spicy just right. Ambience thik cha",5,6/6/2022,romanized_nepali,1,1,food
"Breakfast: eggs undercooked, asked for redo and it was better",3,9/10/2024,english,0,0,hotel_restaurant
"phone cover fit thik chha, color slightly different than ad photo",4,3/8/2023,code_mixed,0,0,product
"driver took unsafe lane, I asked him to stop. Felt unsafe.",1,10/2/2022,english,0,0,transportation
"electrician charged fair price, completed work quickly",5,12/3/2023,english,0,0,services
"soup thik cha, winter ma ramro comfort food huncha",4,1/14/2024,romanized_nepali,0,0,food
Check-out slow due to staff shortage. Hotel overall clean.,3,1/23/2025,english,0,0,hotel_restaurant
"blender thik cha, motor thoda loud hunchha but works fine",4,7/16/2023,code_mixed,0,0,product
"scooter pickup delayed due to rain, communication clear though",3,4/18/2022,code_mixed,0,0,transportation
gardening staff friendly but missed one scheduled visit,3,9/3/2023,english,0,0,services
"sherpa momo ekdam mitho, price thik cha, repeat order gareu",5,6/8/2024,romanized_nepali,1,2,food
restaurant ambience cozy but music too loud. Food fine,3,11/26/2023,english,0,0,hotel_restaurant
"Power adapter stopped working in a week, customer service slow",2,9/14/2022,english,0,0,product
"bike horn loud and clear, fitted well",5,3/22/2024,english,0,0,transportation
"plumber overcharged compared to quote, not happy",1,1/20/2023,english,0,0,services
"dal bhat flavour best, home-like taste. Staff ni helpful",5,12/2/2022,code_mixed,1,1,food
"Booked family suite, space adequate but AC noisy at night",3,10/4/2024,english,0,0,hotel_restaurant
"Laptop charger slow charge sometimes, returned and got replacement",4,5/30/2023,english,0,0,product
"motorcycle engine light aayo after service, had to go back",2,6/20/2022,code_mixed,0,0,transportation
"AC maintenance thorough, pricing transparent",5,12/28/2023,english,0,0,services
"Thukpa mitho thiyo, winter ma ramaile laga",5,1/30/2024,romanized_nepali,1,1,food
"Hotel pool crowded on weekends, staff tried to manage",3,2/6/2025,english,0,0,hotel_restaurant
"scented candle not as shown, packaging good though",3,3/25/2022,english,0,0,product
"scooter sudden stall on highway, scary experience, service check recommended",1,9/13/2024,english,0,0,transportation
"car wash service careful and polite, finished on time",5,2/14/2023,english,0,0,services
"chatpate flavour just right, price thik cha",4,8/6/2022,romanized_nepali,1,1,food
"Dinner bill higher than expected, but food decent",3,7/18/2024,english,0,0,hotel_restaurant
headset mic works okay in calls but background noise present,3,11/14/2023,english,0,0,product
"brakes adjusted, bike feels safer. Mechanic honest",5,5/31/2022,english,0,0,transportation
"electrician left tools scattered, had to remind to clean up",3,10/23/2023,english,0,0,services
"pizza crust dami cha, cheese thik amount ma",5,2/5/2024,romanized_nepali,1,1,food
Breakfast spread poor variety but everything clean,3,1/30/2025,english,0,0,hotel_restaurant
"phone camera overexposed in bright light, portrait mode okay",3,6/10/2023,english,0,0,product
"engine sputter fixed after carb cleaning, shop trustworthy",5,9/16/2022,english,0,0,transportation
"plumber didn't show up twice, finally came third day. Not reliable",1,1/3/2023,english,0,0,services
"dal sparkle flavor ramro thiyo, reminded of home food",5,11/2/2022,romanized_nepali,1,1,food
"Room heater weak in cold nights, asked for extra blanket and they provided",3,10/9/2024,english,0,0,hotel_restaurant
"screen protector bubble under screen after install, replaced by seller",4,4/11/2023,english,0,0,product
"scooter stand weak, replaced under warranty. Good service center",4,7/21/2022,english,0,0,transportation
AC service callout charge clear and reasonable,5,12/12/2023,english,0,0,services
mutton curry thik cha but piece thoda kai hard bhae,3,6/21/2024,code_mixed,0,0,food
"Breakfast staff friendly, but omelette overcooked",3,2/18/2025,english,0,0,hotel_restaurant
"vacuum cleaner suction strong, small nozzle missing in box",4,2/15/2022,english,0,0,product
"bike tyre puncture again within month, disappointed",1,3/2/2024,english,0,0,transportation
"home cleaning service thorough, left house sparkling",5,2/26/2023,english,0,0,services
"thukpa ma flavor missing, asked for more spice and it improved",3,8/19/2022,romanized_nepali,0,0,food
"Hotel receptionist polite, gave local tips. Helpful service",5,9/23/2024,english,0,0,hotel_restaurant
"sandal color faded after week, contacted seller and refund done",3,6/26/2023,english,0,0,product
"scooter headlights dim at night, need replace bulb soon",2,5/9/2022,romanized_nepali,0,0,transportation
"car service done well, they found small issues before big problem",5,10/5/2023,english,0,0,services
momo size small tara taste ramro cha,4,2/28/2024,romanized_nepali,1,1,food
"Late check-in due to event, but hotel arranged drinks for guests",4,1/11/2025,english,0,0,hotel_restaurant
"headset connection stable, mic clear on calls",5,1/9/2023,english,0,0,product
"brake pad quality poor, replaced under warranty but inconvenient",2,11/5/2024,english,0,0,transportation
"electrician did temporary fix, asked to return for permanent solution",3,12/20/2023,english,0,0,services
"mutton chow mein dami thiyo, flavor perfect",5,6/28/2022,romanized_nepali,1,1,food
restaurant overbooked our table but staff managed seating. Good recovery,4,6/14/2024,english,0,0,hotel_restaurant
product box dented but item fine. Delivery fast,4,5/2/2023,english,0,0,product
"engine oil leak fixed, workshop honest about costs",5,3/1/2022,english,0,0,transportation
"cleaning crew missed bathroom corner, complained and they returned same day",3,8/28/2023,english,0,0,services
"thakali set flavor balanced, portion perfect",5,1/19/2024,romanized_nepali,1,1,food
"Hotel offered late checkout, appreciated the flexibility",5,2/9/2025,english,0,0,hotel_restaurant
"Toaster stopped working within warranty, replacement process easy",4,7/1/2023,english,0,0,product
"scooter ran out of fuel despite full tank claim, workshop investigated",2,10/19/2024,english,0,0,transportation
"electrician provided exact quote, no hidden charges. Good job",5,11/6/2023,english,0,0,services
"momo quantity fair, taste thik cha. Service chito",4,9/6/2022,code_mixed,0,0,food
"Breakfast eggs good, coffee too sweet for my taste",3,7/25/2024,english,0,0,hotel_restaurant
"product description accurate, size guide helpful",5,2/10/2023,english,0,0,product
"bike handle vibration high at speed, mechanic checking",2,12/13/2022,english,0,0,transportation
"rooftop cleaning done well, no dust left",5,3/18/2023,english,0,0,services
"sukuti platter mitho thiyo, portion size ramro",5,2/12/2024,romanized_nepali,1,1,food
"Hotel shuttle service delayed, they informed us though",3,1/28/2025,english,0,0,hotel_restaurant
"charger cord melted slightly after heavy use, contacted seller and got refund",2,4/26/2023,english,0,0,product
"scooter engine oil changed, price clear and work good",5,6/2/2022,english,0,0,transportation
technician came late but did excellent job on heater repair,4,12/31/2023,english,0,0,services
scooter chalau nu ramro thyo maintenance pani kam,5,6/15/2023,romanized_nepali,1,1,transportation
The chicken momo was decent but chutney was too spicy for me,3,8/22/2024,english,0,0,food
laptop battery backup ekdam weak cha disappointed,2,11/30/2022,code_mixed,1,1,product
room service was quick staffs were polite,4,1/18/2025,english,0,0,hotel_restaurant
plumber aayo tara tools nei lyayena afno,2,4/10/2023,romanized_nepali,0,0,services
buff chhoila lastai mitho proper spices use gareko,5,2/28/2024,code_mixed,2,2,food
hotel bathroom clean thiyo but hot water ayena,3,7/19/2022,code_mixed,0,0,hotel_restaurant
mileage chai ramro cha yo bike ko,4,9/5/2023,romanized_nepali,1,1,transportation
headphone quality is okay nothing extraordinary,3,12/12/2024,english,0,0,product
electrician professional thyo kaam pani proper garyo,5,3/14/2022,code_mixed,0,0,services
chowmein tasteless lagyo paisa vasool bhayena,2,5/7/2025,romanized_nepali,1,1,food
breakfast spread ekdam babbal thyo varieties dherai,5,10/21/2023,code_mixed,1,1,hotel_restaurant
cab driver was rude and drove rashly,1,6/18/2024,english,0,0,transportation
shoes size mildaina thyo exchange garnu paryo,3,8/25/2022,romanized_nepali,0,0,product
internet speed dami but customer care response slow,4,12/8/2023,code_mixed,1,1,services
sekuwa ramro thyo quantity pani jyau thyo,4,9/14/2024,romanized_nepali,1,1,food
location convenient cha hotel ko tara old building,3,2/3/2025,code_mixed,1,1,hotel_restaurant
bike pickup slow feel bhayo average performance,3,5/11/2022,code_mixed,0,0,transportation
camera clarity ramro but battery drain fast huncha,3,7/29/2023,code_mixed,1,1,product
AC repair quick bhayo technician knew his work,5,11/2/2024,english,0,0,services
pani puri ko pani alikat tel jasto thyo,2,1/27/2022,romanized_nepali,0,0,food
staff ko behavior mitho but room maintenance weak,3,6/20/2025,code_mixed,1,1,hotel_restaurant
scooter rent price high lagyo compared to others,3,2/16/2023,english,0,0,transportation
bag quality paisa vasool material strong,4,4/9/2024,code_mixed,1,1,product
laundry service thik thyo tara mahango lagyo ali,3,10/4/2022,romanized_nepali,1,1,services
butter chicken ekdam dami quantity ni bharpoor,5,5/18/2023,code_mixed,1,1,food
balcony view amazing thyo mountains clearly dekhinthyo,5,8/7/2024,code_mixed,0,0,hotel_restaurant
driver didn't know the route properly wasted time,2,3/25/2025,english,0,0,transportation
watch ko strap chito tutyo disappointed chu,2,6/22/2022,romanized_nepali,0,0,product
document verification fast thyo smooth process,4,11/15/2023,code_mixed,0,0,services
laphing spicy perfect thyo taste ramro,4,1/29/2024,code_mixed,1,1,food
pool area was dirty not well maintained,2,9/8/2022,english,0,0,hotel_restaurant
motorcycle handle smooth cha comfortable ride,4,4/12/2025,code_mixed,1,1,transportation
jacket fit ramro color pani milyo description jastai,5,8/3/2023,code_mixed,1,1,product
painting service professional looking result mitho bhayo,5,10/26/2024,code_mixed,1,1,services
chatpate ko taste bland lagyo masala kam,2,12/19/2022,romanized_nepali,0,0,food
lobby ramro decorate thiyo welcoming atmosphere,4,3/11/2023,code_mixed,1,1,hotel_restaurant
cab clean thiyo music pani ramro,4,7/16/2024,romanized_nepali,1,1,transportation
charger works fine no complaints so far,4,1/9/2025,english,0,0,product
installation kaam ramro garyo time pani liyena dherai,5,2/24/2022,romanized_nepali,1,1,services
fried rice ekdum oily thyo pet heavy bhayo,2,6/9/2023,code_mixed,1,1,food
towels were old and smelled musty not pleasant,2,9/21/2024,english,0,0,hotel_restaurant
bike brakes responsive good safety features,5,11/6/2022,english,0,0,transportation
shirt color faded ekdam chito disappointed,1,5/28/2025,code_mixed,1,1,product
tutor ramro padhaudacha concept clear gardiyo,5,1/17/2023,romanized_nepali,1,1,services
biryani ma chicken pieces kam thyo rice dherai,3,3/30/2024,code_mixed,0,0,food
check out process lengthy bhayo staff slow thiyo,3,7/13/2022,code_mixed,0,0,hotel_restaurant
scooter seat uncomfortable huncha long ride ma,3,10/5/2023,code_mixed,1,1,transportation
mouse click sound annoying after few days,2,12/27/2024,english,0,0,product
shifting service careless thiyo items damage bhayo,1,2/15/2025,code_mixed,0,0,services
newari khaja set ekdam jhyau taste authentic,5,4/20/2022,code_mixed,2,2,food
mattress was too soft back pain bhayo,2,8/28/2023,code_mixed,0,0,hotel_restaurant
ride bumpy thyo suspension weak lagyo,2,5/14/2024,code_mixed,0,0,transportation
earbuds battery life ramro sound quality pani okay,4,9/30/2022,code_mixed,1,1,product
grooming service hygienic thyo satisfied chu result ma,4,7/4/2025,code_mixed,1,1,services
sandwich fresh thyo filling ni proper,4,11/22/2023,code_mixed,0,0,food
garden area beautiful thiyo peaceful environment,5,2/6/2024,code_mixed,0,0,hotel_restaurant
meter didn't use garyo extra charge liyena good,4,12/1/2022,code_mixed,0,0,transportation
perfume smell nice lasting power weak,3,4/19/2023,english,0,0,product
app development project smooth thyo communication clear,5,8/11/2024,code_mixed,0,0,services
tea weak thyo flavor nai ayena,2,1/23/2025,romanized_nepali,0,0,food
restaurant ambience ramro tara loud music disturbing,3,5/7/2022,code_mixed,1,1,hotel_restaurant
motorcycle start problem huncha cold weather ma,3,9/19/2023,code_mixed,1,1,transportation
phone case slim fit good protection pani dincha,4,11/8/2024,code_mixed,0,0,product
massage therapist skilled relaxing session thyo,5,3/26/2022,code_mixed,0,0,services
thukpa ko soup watery lagyo bland taste,2,6/14/2025,romanized_nepali,0,0,food
lift out of order frequently annoying for guests,2,12/30/2023,english,0,0,hotel_restaurant
cab na mileko bela wait garnu paryo app issue,2,4/25/2024,romanized_nepali,0,0,transportation
sunglasses frame strong material quality ramro,4,8/16/2022,code_mixed,1,1,product
pest control effective service warranty ni diyeko,5,2/9/2023,code_mixed,0,0,services
samosa crispy thyo aloo filling ramro spiced,4,10/18/2024,code_mixed,1,1,food
complimentary breakfast average options limited thyo,3,3/6/2025,code_mixed,0,0,hotel_restaurant
bike gears smooth change huncha riding easy,5,6/28/2022,code_mixed,1,1,transportation
tripod unstable lagyo shaky videos huncha,2,10/12/2023,code_mixed,0,0,product
tax filing simple gardiyo hassle free service,4,7/1/2024,code_mixed,0,0,services
juice fresh thyo tara sugar dherai sweet,3,11/24/2022,code_mixed,0,0,food
reception staff unprofessional behavior rude thyo,1,4/17/2025,code_mixed,0,0,hotel_restaurant
scooter fuel efficient good mileage dincha city ma,4,7/25/2023,code_mixed,0,0,transportation
backpack spacious lots of compartments organized feel,5,1/14/2024,english,0,0,product
photography service creative shots excellent editing pani,5,9/3/2022,code_mixed,0,0,services
katti roll ko wrap hard thyo filling chai okay,3,5/29/2023,code_mixed,1,1,food
conference hall spacious modern facilities available,5,12/5/2024,english,0,0,hotel_restaurant
helmet quality weak plastic cheap lagyo,2,2/21/2025,code_mixed,0,0,transportation
bluetooth speaker clear sound bass weak tara,3,4/11/2022,code_mixed,0,0,product
website design modern bhayo professional look,4,8/18/2023,code_mixed,0,0,services
noodles overcooked soggy texture bhayeko,2,6/7/2024,romanized_nepali,0,0,food
parking was very expensive hotel facility thyo vandai,2,10/23/2022,code_mixed,0,0,hotel_restaurant
driver polite talking skills ramro friendly nature,5,1/30/2025,code_mixed,1,1,transportation
jeans tight fit thyo size misleading,2,3/19/2023,code_mixed,0,0,product
consultation thorough detailed advice diyo doctor le,5,9/26/2024,code_mixed,0,0,services
pastry stale lagyo fresh nathyo taste odd,1,7/8/2022,code_mixed,0,0,food
curtains dirty stains visible room maintenance poor,2,11/13/2023,english,0,0,hotel_restaurant
bike headlight dim night driving risky,2,5/3/2024,english,0,0,transportation
power bank charge hold gardaina ekdum weak,1,8/19/2025,romanized_nepali,1,1,product
printing quality clear precise work delivered on time,5,2/17/2022,english,0,0,services
soup lukewarm aayo cold nai serve garyo,2,6/30/2023,romanized_nepali,0,0,food
spa facilities average maintenance could be better,3,11/16/2024,english,0,0,hotel_restaurant
cab late aayo booking time ma ayena,2,8/5/2022,romanized_nepali,0,0,transportation
shoes durable material comfortable walking long distance,5,5/11/2025,english,0,0,product
carpentry work neat finishing ramro workmanship quality,5,1/28/2023,code_mixed,1,1,services
lassi thick creamy ramro perfect summer drink,4,7/22/2024,code_mixed,1,1,food
terrace seating view mitho peaceful dinner enjoy garyo,5,12/14/2022,code_mixed,1,1,hotel_restaurant
scooter vibration dherai feels rough riding,2,4/6/2023,code_mixed,0,0,transportation
smartwatch features limited price high lagyo value low,2,10/1/2024,code_mixed,0,0,product
tailoring perfect fit alteration ni gardiyo properly,5,3/14/2025,code_mixed,0,0,services
fries soggy thyo crispy nathyo oil excess,2,5/19/2022,code_mixed,0,0,food
minibar empty restocking nai gareko thiyena,2,9/27/2023,romanized_nepali,0,0,hotel_restaurant
bike mirror position adjust garna garo awkward angle,3,2/10/2024,code_mixed,0,0,transportation
tshirt color fade bhayena wash pachi pani same,4,11/9/2022,code_mixed,0,0,product
catering fresh food tasty variety ni ramro thyo,5,6/23/2025,code_mixed,1,1,services
spring roll filling kam wrapper dherai disappointing,2,12/16/2023,romanized_nepali,0,0,food
housekeeping prompt daily cleaning thorough kaam garyo,5,8/29/2024,code_mixed,0,0,hotel_restaurant
cab interior dirty smelly unpleasant journey,1,3/21/2022,english,0,0,transportation
kettle boils slow time dherai lagcha,3,7/4/2023,code_mixed,0,0,product
graphic design creative unique ideas professional output,5,11/28/2024,english,0,0,services
pakoda crispy mitho chutney pani tasty dami combo,5,4/5/2025,code_mixed,2,2,food
pillow too thin uncomfortable sleep bhayena properly,2,10/11/2022,code_mixed,0,0,hotel_restaurant
scooter storage space sufficient helmet rakhnalai ramro,4,2/25/2023,code_mixed,1,1,transportation
umbrella sturdy wind ma pani handle gardai stable,4,6/13/2024,code_mixed,0,0,product
insurance claim process smooth help garyo agent le,4,9/20/2022,code_mixed,0,0,services
paneer tikka dry overcooked flavor nai gayeko,2,1/7/2025,romanized_nepali,0,0,food
rooftop bar view babbal stunning sunset scenery,5,5/12/2023,code_mixed,1,1,hotel_restaurant
motorcycle engine sound loud annoying constant noise,2,9/4/2024,english,0,0,transportation
tablet screen responsive smooth working good,4,6/17/2022,english,0,0,product
coaching classes interactive doubt clear gardai teacher le,5,10/29/2023,code_mixed,0,0,services
shawarma wrap tight thyo tara filling overflow bhayo,3,3/16/2024,code_mixed,0,0,food
concierge service helpful recommendations ramro diyo,4,7/28/2025,code_mixed,1,1,hotel_restaurant
driver talking phone while driving unsafe felt,1,1/15/2022,english,0,0,transportation
wallet leather quality ramro stitching strong,4,8/6/2023,code_mixed,1,1,product
event management organized smooth coordination excellent,5,12/21/2024,english,0,0,services
ice cream melted half way bhai delivery slow,2,4/28/2022,code_mixed,0,0,food
laundry service returned clothes wrinkled ironing bad,2,2/9/2025,english,0,0,hotel_restaurant
bike tyres grip ramro slippery road ma pani safe,5,6/21/2023,code_mixed,1,1,transportation
fan speed control nai hudaina only one setting,2,10/14/2024,code_mixed,0,0,product
veterinary clinic staff caring treatment ramro garyo,5,7/31/2022,code_mixed,1,1,services
dal portions generous thyo bhaat ni sufficient,4,11/7/2023,code_mixed,0,0,food
room freshener smell artificial headache bhayo strong,2,5/24/2024,code_mixed,0,0,hotel_restaurant
scooter paint scratched easily quality weak lagyo,2,9/12/2025,code_mixed,0,0,transportation
keyboard typing comfortable ergonomic design good,4,11/18/2022,english,0,0,product
legal advice clear practical solutions suggest garyo,4,3/5/2023,code_mixed,0,0,services
wings sauce bland boneless pieces small disappointing,2,8/20/2024,english,0,0,food
gym equipment outdated maintenance required urgently,2,2/12/2022,english,0,0,hotel_restaurant
ride smooth thyo comfortable seats cushioned,4,5/30/2025,code_mixed,0,0,transportation
iron temperature control precise ramro press garcha,4,9/14/2023,code_mixed,1,1,product
interior design modern tasteful choices beautiful outcome,5,1/26/2024,english,0,0,services
wai wai sadeko authentic flavor bhayo mitho,4,6/5/2022,code_mixed,1,1,food
television remote nai kaam gardaina battery change pachi pani,1,12/22/2023,romanized_nepali,0,0,hotel_restaurant
cab booking cancelled last moment frustrating experience,1,7/9/2024,english,0,0,transportation
cooler cooling capacity ramro effective summer ma,4,3/18/2025,code_mixed,1,1,product
courier delivery on time packaging safe thyo,5,8/27/2022,code_mixed,0,0,services
aloo ko achar sour thyo taste unbalanced salt dherai,2,5/3/2023,code_mixed,0,0,food
bedsheet stained spotted cleaning poor maintenance issue,1,11/19/2024,english,0,0,hotel_restaurant
bike ko indicator light works intermittently needs fixing,2,3/8/2022,code_mixed,0,0,transportation
mixer grinder powerful blending smooth fast,5,8/6/2025,english,0,0,product
gardening service professional plants healthy maintenance regular,5,1/21/2023,english,0,0,services
mutton curry ekdum spicy khana sakiyena tito,2,4/16/2024,romanized_nepali,1,1,food
valet parking convenient fast service appreciated,5,12/7/2022,english,0,0,hotel_restaurant
scooter acceleration slow pick up weak lagyo,2,7/12/2023,code_mixed,0,0,transportation
water bottle leak proof design ramro secure cap,4,10/28/2024,code_mixed,1,1,product
accounting service accurate timely reports professional approach,5,6/1/2025,english,0,0,services
coconut chutney watery consistency weak taste,2,9/15/2022,english,0,0,food
bathtub drain clogged water standing maintenance call garnu paryo,2,4/27/2023,code_mixed,0,0,hotel_restaurant
motorcycle spare parts expensive maintenance cost high,3,2/18/2024,english,0,0,transportation
shoes sole comfortable walking garda pain hudaina,5,11/23/2022,code_mixed,1,1,product
translation service accurate cultural context pani consider garyo,5,4/22/2025,code_mixed,0,0,services
cake sponge dry frosting sweet excess sugar,2,8/31/2023,english,0,0,food
amenities basic toiletries quality low thyo,3,6/26/2024,code_mixed,0,0,hotel_restaurant
bike ko side stand unstable parking difficult,2,5/14/2022,code_mixed,0,0,transportation
speaker portable compact easy carry garna ramro,4,10/8/2023,code_mixed,1,1,product
training session informative practical examples helpful,4,12/15/2024,english,0,0,services
bara crispy outside soft inside mitho thiyo,5,7/19/2025,code_mixed,1,1,food
fire alarm went off middle night false alarm,1,1/31/2022,english,0,0,hotel_restaurant
cab fare reasonable meter correctly chalako,4,6/3/2023,code_mixed,0,0,transportation
pen ink smooth writing comfortable grip,4,9/11/2024,english,0,0,product
security service alert vigilant safe feeling,5,4/7/2022,english,0,0,services
khichadi bland tasteless spices nei thyo,2,2/26/2025,romanized_nepali,0,0,food
water pressure weak shower ma barely aayo,2,11/30/2023,code_mixed,0,0,hotel_restaurant
scooter footrest position awkward leg cramp huncha,2,5/22/2024,code_mixed,1,1,transportation
lamp brightness adjustable convenient feature ramro,4,8/19/2022,code_mixed,1,1,product
data entry accurate fast turnaround reliable service,5,2/28/2023,english,0,0,services
gulab jamun lukewarm served should be hot mitho,3,11/6/2024,code_mixed,1,1,food
minibar prices outrageous expensive outside comparison ma,2,8/24/2025,code_mixed,0,0,hotel_restaurant
driver punctual arrived exactly booking time,5,7/2/2022,english,0,0,transportation
pillow cover soft material comfortable sleep ma,4,12/11/2023,code_mixed,0,0,product
content writing creative engaging well researched pieces,5,3/27/2024,english,0,0,services
sel roti hard thyo fresh nai lagena,2,10/20/2022,romanized_nepali,0,0,food
corridor lighting dim dark night walk garna garo,2,5/16/2025,code_mixed,0,0,hotel_restaurant
bike fuel tank capacity small frequent refill garna parne,3,9/8/2023,code_mixed,0,0,transportation
trimmer battery backup ekdam weak charge nai dherai lagcha,2,1/19/2024,code_mixed,2,2,product
recruitment process transparent communication ramro bhayo,4,6/14/2022,code_mixed,1,1,services
manchurian gravy thick consistency ramro flavor balanced,4,3/23/2023,code_mixed,1,1,food
carpet dirty stains visible vacuum nai gareko nathyo,1,8/3/2024,code_mixed,0,0,hotel_restaurant
cab air conditioning cold enough comfortable journey,4,11/10/2025,english,0,0,transportation
raincoat waterproof effective monsoon ma useful,5,2/6/2022,code_mixed,1,1,product
room clean thiyo tara wifi slow,4,7/16/2023,romanized_nepali,0,0,hotel_restaurant
Use garda good lagyo,5,12/21/2025,english,1,1,product
use garda ramro lagyo tara overall thik cha,3,1/20/2022,romanized_nepali,1,4,product
seva ramro thyo tara time lagyo,4,8/13/2025,romanized_nepali,1,3,services
Cab ma ac was but seat dirty,4,2/2/2024,english,0,0,transportation
transport thik cha tara crowded,5,6/5/2022,romanized_nepali,1,2,transportation
"Check in fast was, room a bit chhito",5,9/23/2025,english,0,0,hotel_restaurant
bike condition thikai but price high,4,6/10/2024,code_mixed,1,1,transportation
Restaurant ko food tasty was but service slow,2,4/3/2022,english,0,0,hotel_restaurant
Pathao driver helpful but traffic ma jhyau,4,3/27/2025,english,1,1,transportation
bike service ramro thyo but late,5,3/24/2023,code_mixed,1,2,transportation
"Staff friendly was, location thikai but overall thik cha",1,4/26/2023,english,1,3,hotel_restaurant
"food mitho lagyo, price anusar thikai",5,6/19/2022,code_mixed,1,4,food
"thakali set mitho thyo, clean ni thyo tara overall thik cha",2,4/27/2023,code_mixed,1,6,food
bed comfortable thyo tara noise dherai tara overall thik cha,3,5/10/2024,code_mixed,1,4,hotel_restaurant
ride safe thiyo tara fare ali dherai,3,12/28/2024,romanized_nepali,1,2,transportation
street food kasto ramailo but hygiene doubt,4,4/19/2022,code_mixed,1,1,food
hotel ma stay ramro lagyo but parking problem,4,11/3/2023,code_mixed,1,3,hotel_restaurant
bike condition thikai but price high,5,12/1/2023,code_mixed,1,1,transportation
burger ok thyo but cold aayo,4,7/6/2024,code_mixed,1,1,food
Support team good respond garyo,5,11/17/2022,english,0,0,services
cleaning service thik cha,5,5/21/2023,code_mixed,1,2,services
online service helpful tara app slow,3,9/24/2022,code_mixed,0,0,services
repair thikai garyo but costly,4,4/18/2024,code_mixed,1,1,services
burger ok thyo tara cold aayo,4,8/13/2024,romanized_nepali,1,1,food
Dal bhat tasty was but service a bit too much wait was but overall thik cha,4,4/2/2024,english,1,2,food
bike seva ramro thiyo tara late tara overall thik cha,2,8/8/2025,romanized_nepali,1,3,transportation
Use garda good lagyo but overall thik cha,5,11/27/2024,english,1,3,product
driver ramro thyo tara route long,4,2/15/2022,romanized_nepali,1,2,transportation
salon ma haircut ramro tara wait,4,4/23/2023,romanized_nepali,1,1,services
chinese food ramro tara portion sano,3,1/3/2024,romanized_nepali,1,1,food
dal bhat mitho thyo but service heavy xa tara overall thik cha,5,4/10/2025,code_mixed,1,6,food
"ac kam garyo, tara overall thik cha",5,2/23/2025,romanized_nepali,1,2,hotel_restaurant
Bike condition thikai but price high,2,2/24/2023,english,1,1,transportation
"staff friendly thyo, location thikai",3,3/7/2023,romanized_nepali,1,2,hotel_restaurant
"Brand original was, happy but overall thik cha",5,5/3/2024,english,1,2,product
motorcycle ramro cha tara mileage low,4,12/3/2025,romanized_nepali,1,2,transportation
street food kasto ramailo tara hygiene doubt,1,1/15/2024,romanized_nepali,1,1,food
ride safe thyo but fare ali dherai,3,4/23/2024,code_mixed,1,3,transportation
salon ma haircut ramro tara wait,5,9/10/2023,romanized_nepali,1,1,services
repair thikai garyo tara costly,2,10/23/2023,romanized_nepali,1,1,services
momos ramro thyo tara heavy xa,1,3/2/2024,code_mixed,1,3,food
dal bhat mitho thyo but service loose vayo tara overall thik cha,5,8/30/2024,code_mixed,1,5,food
pizza lastai ramro thyo tara wait dherai,4,6/2/2024,code_mixed,1,4,food
Street food kasto ramailo but hygiene doubt,5,8/21/2024,english,1,1,food
cab ride smooth thiyo tara wait time,3,10/29/2023,romanized_nepali,0,0,transportation
works fine tara ali loose tara overall thik cha,5,5/14/2024,romanized_nepali,1,3,product
driver ramro thiyo tara route long,4,9/16/2025,code_mixed,1,1,transportation
"thakali set mitho thyo, clean ni thyo tara overall thik cha",5,5/17/2025,code_mixed,1,6,food
quality thikai cha mulya anusar,4,12/18/2024,romanized_nepali,1,3,product
"brand original thyo, happy",4,1/5/2025,code_mixed,1,1,product
pizza lastai ramro thyo tara wait dherai,3,4/8/2023,code_mixed,1,4,food
bike service ramro thyo but late tara overall thik cha,2,8/24/2025,code_mixed,1,4,transportation
"dinner mitho thiyo, staff helpful",4,9/12/2024,code_mixed,1,2,hotel_restaurant
"food ok lagyo, price anusar thikai",3,7/4/2022,code_mixed,1,2,food
service ma issue thyo tara solved,4,7/5/2025,code_mixed,1,1,services
works fine tara ali loose tara overall thik cha,5,3/10/2024,code_mixed,1,3,product
momos thikai thiyo tara clean thiyo tara noise,5,9/11/2022,romanized_nepali,1,1,food
pathao driver helpful tara traffic ma jhyau,5,3/6/2025,romanized_nepali,1,1,transportation
"brand original thyo, happy",3,3/9/2025,code_mixed,1,1,product
seva ma issue thyo tara solved,4,4/1/2022,romanized_nepali,1,1,services
pathao driver helpful tara traffic ma jhyau,3,9/28/2024,code_mixed,1,1,transportation
"same as picture, delivery fast tara overall thik cha",2,6/10/2022,code_mixed,1,2,product
"Staff friendly was, location thikai",4,1/18/2024,english,1,1,hotel_restaurant
dal bhat mitho thiyo tara seva sano thiyo tara overall thik cha,5,3/28/2022,romanized_nepali,1,4,food
"thakali set mitho thyo, clean ni thyo",4,7/28/2023,romanized_nepali,1,4,food
transport thik cha but crowded,4,5/7/2024,code_mixed,1,2,transportation
Pathao driver helpful but traffic ma jhyau,4,6/7/2025,english,1,1,transportation
Cab ride smooth was but wait time,2,4/19/2024,english,0,0,transportation
product ramro thiyo tara ali dherai wait thiyo,5,9/27/2024,romanized_nepali,1,3,product
"same as picture, delivery fast",5,9/22/2024,romanized_nepali,0,0,product
view ramro thyo tara price high tara overall thik cha,5,12/23/2024,code_mixed,1,4,hotel_restaurant
cleaning service thik cha,4,8/24/2023,code_mixed,1,2,services
cab ma ac thyo tara seat dirty,5,1/3/2023,code_mixed,1,1,transportation
Qua bitty thikai cha price anusar but overall thik cha,4,1/9/2022,english,1,3,product
Qua bitty thikai cha price anusar,4,5/22/2023,english,1,2,product
professional thyo tara delay tara overall thik cha,4,8/2/2023,romanized_nepali,1,3,services
Qua bitty thikai cha price anusar,5,3/19/2024,english,1,2,product
chinese food ramro tara portion sano,4,4/14/2025,romanized_nepali,1,1,food
bike seva ramro thiyo tara late tara overall thik cha,2,1/26/2025,romanized_nepali,1,3,transportation
"coffee dherai mitho, environment ramro",4,12/9/2022,romanized_nepali,1,4,food
"Dinner tasty thiyo, staff helpful but overall thik cha",3,10/18/2022,english,1,2,hotel_restaurant
"Food average lagyo, price anusar thikai",5,12/27/2023,english,1,2,food
"Coffee too much tasty, environment good",4,2/12/2025,english,0,0,food
product ramro thyo tara loose vayo,5,12/29/2024,code_mixed,1,2,product
bike condition thikai but price high,4,2/16/2023,code_mixed,1,1,transportation
"Delivery fast was, product ok",3,6/20/2022,english,0,0,services
Hotel ma stay good lagyo but parking problem,2,12/9/2023,english,1,2,hotel_restaurant
dal bhat mitho thiyo but service ok matra tara overall thik cha,2,4/6/2025,code_mixed,1,4,food
Cleaning service thik cha,3,1/22/2024,english,1,2,services
"Coffee too much tasty, environment good",3,2/1/2023,english,0,0,food
transport thik cha tara crowded,4,9/30/2025,romanized_nepali,1,2,transportation
durable cha tara heavy,3,10/23/2025,romanized_nepali,1,1,product
product ramro thyo tara ok matra,4,6/25/2024,code_mixed,1,2,product
"coffee dherai mitho, environment ramro tara overall thik cha",4,12/11/2024,romanized_nepali,1,6,food
dal bhat mitho thyo tara seva slow thyo tara overall thik cha,5,2/8/2024,romanized_nepali,1,5,food
transport thik cha tara crowded,4,2/28/2022,romanized_nepali,1,2,transportation
quality thikai cha price anusar,5,12/2/2025,code_mixed,1,3,product
Online service helpful but app slow,3,7/4/2024,english,0,0,services
street food kasto ramailo but hygiene doubt,5,3/23/2025,code_mixed,1,1,food
"same as picture, delivery fast",3,9/6/2025,code_mixed,0,0,product
ride safe thyo tara fare ali dherai,2,11/18/2023,romanized_nepali,1,3,transportation
chinese food ramro but portion sano,2,6/22/2023,code_mixed,1,1,food
driver ramro thiyo tara route long,5,11/2/2023,code_mixed,1,1,transportation
"coffee dherai mitho, environment ramro tara overall thik cha",4,8/23/2023,romanized_nepali,1,6,food
restaurant ko food mitho thyo but service slow tara overall thik cha,3,9/24/2025,code_mixed,1,5,hotel_restaurant
"Staff friendly thiyo, location thikai",4,9/29/2024,english,1,1,hotel_restaurant
Service ma issue was but solved,4,11/28/2022,english,0,0,services
room clean thyo tara wifi slow,4,4/7/2024,romanized_nepali,1,1,hotel_restaurant
support team ramro respond garyo tara overall thik cha,3,4/12/2022,romanized_nepali,1,3,services
bike condition thikai but price high,3,10/22/2023,code_mixed,1,1,transportation
Momo ko sauce nice was but price a bit high,3,9/1/2022,english,0,0,food
Service ma issue was but solved but overall thik cha,4,7/29/2022,english,1,2,services
cab ma ac thyo tara seat dirty tara overall thik cha,2,4/18/2022,code_mixed,1,3,transportation
"food dami lagyo, mulya anusar thikai tara overall thik cha",5,6/2/2022,romanized_nepali,1,6,food
"Staff friendly was, location thikai but overall thik cha",3,6/7/2025,english,1,3,hotel_restaurant
driver ramro thyo tara route long tara overall thik cha,4,10/23/2024,code_mixed,1,4,transportation
chinese food ramro tara portion sano tara overall thik cha,5,6/25/2024,romanized_nepali,1,3,food
pizza lastai ramro thyo tara wait dherai,4,3/22/2025,code_mixed,1,4,food
"food ekdam ramro lagyo, mulya anusar thikai",2,3/18/2025,romanized_nepali,1,4,food
"same as picture, delivery fast",4,12/3/2023,romanized_nepali,0,0,product
pathao driver helpful tara traffic ma jhyau,4,2/24/2025,romanized_nepali,1,1,transportation
chinese food ramro tara portion sano tara overall thik cha,4,12/17/2024,romanized_nepali,1,3,food
View good was but price high,5,8/18/2024,english,0,0,hotel_restaurant
price anusar service average tara overall thik cha,5,1/23/2024,code_mixed,1,2,services
"brand original thyo, happy",1,5/27/2023,code_mixed,1,1,product
"food mitho lagyo, price anusar thikai tara overall thik cha",4,3/3/2023,code_mixed,1,6,food
"same as picture, delivery fast",5,11/14/2023,code_mixed,0,0,product
Momos average thiyo but ok matra but overall thik cha,4,7/15/2022,english,1,2,food
"same as picture, delivery fast",4,6/10/2022,romanized_nepali,0,0,product
online seva helpful tara app slow,5,10/3/2024,romanized_nepali,0,0,services
seva ma issue thyo tara solved,5,12/28/2022,romanized_nepali,1,1,services
Repair thikai garyo but costly,5,12/30/2022,english,1,1,services
momo ko sauce dami thyo tara price ali high,5,8/1/2025,code_mixed,1,4,food
"delivery fast thiyo, product ok",4,4/29/2024,romanized_nepali,0,0,services
"ac kam garyo, tara overall thik cha tara overall thik cha",5,11/30/2025,code_mixed,1,2,hotel_restaurant
Restaurant ko food tasty was but service slow but overall thik cha,1,3/28/2022,english,1,2,hotel_restaurant
Bike condition thikai but price high,4,8/12/2025,english,1,1,transportation
"delivery fast thyo, product ok",4,2/24/2024,romanized_nepali,1,1,services
hotel ma stay ramro lagyo tara parking problem,4,2/23/2023,romanized_nepali,1,3,hotel_restaurant
use garda ramro lagyo,4,8/10/2022,code_mixed,1,2,product
value for money thikai,4,2/28/2022,code_mixed,1,1,product
support team ramro respond garyo,4,9/23/2025,romanized_nepali,1,1,services
bed comfortable thyo tara noise dherai,4,8/12/2022,romanized_nepali,1,2,hotel_restaurant
Motorcycle good xa but mileage low,3,4/30/2022,english,1,1,transportation
"Check in fast was, room a bit chhito but overall thik cha",3,2/23/2025,english,1,2,hotel_restaurant
Chinese food good but portion sano,5,4/9/2023,english,0,0,food
"same as picture, delivery fast",4,5/1/2024,romanized_nepali,0,0,product
"same as picture, delivery fast tara overall thik cha",5,6/4/2024,romanized_nepali,1,2,product
"Packing good was, satisfied",4,7/23/2025,english,0,0,product
product ramro thyo tara jhyau lagyo tara overall thik cha,4,9/23/2024,romanized_nepali,1,6,product
momos mitho thyo tara nothing special,2,2/17/2025,code_mixed,1,3,food
Cleaning service thik cha,4,9/7/2023,english,1,2,services
driver ramro thyo tara route long,5,4/26/2025,romanized_nepali,1,2,transportation
"same as picture, delivery fast tara overall thik cha",5,11/15/2022,romanized_nepali,1,2,product
"Check in fast was, room a bit chhito",3,11/2/2023,english,0,0,hotel_restaurant
mulya anusar seva average,4,7/15/2023,romanized_nepali,0,0,services
"coffee dherai mitho, environment ramro",4,5/31/2025,code_mixed,1,4,food
restaurant ko food mitho thyo but service slow,5,12/15/2025,code_mixed,1,3,hotel_restaurant
driver ramro thyo tara route long tara overall thik cha,1,10/16/2023,code_mixed,1,4,transportation
Service good was but time lagyo,4,3/22/2023,english,1,1,services
"ac kam garyo, tara overall thik cha",4,2/25/2024,code_mixed,1,2,hotel_restaurant
hotel ramro thyo but breakfast average,4,10/15/2025,code_mixed,1,3,hotel_restaurant
restaurant ko food mitho thyo tara seva slow tara overall thik cha,5,2/4/2025,romanized_nepali,1,5,hotel_restaurant
product ramro thyo tara heavy xa tara overall thik cha,5,11/20/2022,romanized_nepali,1,5,product
quality thikai cha price anusar tara overall thik cha,4,2/12/2025,code_mixed,1,4,product
works fine tara ali loose tara overall thik cha,4,2/19/2023,code_mixed,1,3,product
"Same as picture, delivery fast",5,7/30/2023,english,0,0,product
"Thaka bit set tasty was, clean ni was but overall thik cha",2,3/4/2022,english,1,2,food
"Ac kam garyo, but overall thik cha but overall thik cha",3,7/16/2023,english,1,2,hotel_restaurant
bed comfortable thiyo tara noise dherai,3,4/22/2022,romanized_nepali,1,1,hotel_restaurant
bike seva ramro thiyo tara late,4,5/17/2023,romanized_nepali,1,1,transportation
price anusar service average tara overall thik cha,3,12/11/2022,code_mixed,1,2,services
"Dinner tasty was, staff helpful",5,1/2/2022,english,0,0,hotel_restaurant
Support team good respond garyo but overall thik cha,3,11/3/2024,english,1,2,services
"delivery fast thyo, product ok",4,6/26/2024,code_mixed,1,1,services
value for money thikai,4,3/12/2023,code_mixed,1,1,product
Works fine but a bit loose,5,4/3/2025,english,0,0,product
salon ma haircut ramro but wait,1,12/22/2025,code_mixed,1,1,services
"packing ramro thyo, satisfied tara overall thik cha",5,6/19/2024,romanized_nepali,1,4,product
Use garda good lagyo but overall thik cha,4,3/8/2023,english,1,3,product
"Coffee too much tasty, environment good but overall thik cha",1,3/21/2024,english,1,2,food
hotel ramro thyo but breakfast average,5,9/27/2024,code_mixed,1,3,hotel_restaurant
Motorcycle good xa but mileage low but overall thik cha,5,11/3/2022,english,1,3,transportation
Online service helpful but app slow but overall thik cha,4,4/4/2023,english,1,2,services
seva ma issue thyo tara solved tara overall thik cha,4,4/12/2022,romanized_nepali,1,3,services
"brand original thyo, happy",3,6/13/2022,romanized_nepali,1,1,product
view ramro thyo tara price high,4,5/16/2024,code_mixed,1,2,hotel_restaurant
Transport thik cha but crowded,2,6/6/2024,english,1,2,transportation
restaurant ko food mitho thyo tara seva slow,4,11/24/2024,romanized_nepali,1,3,hotel_restaurant
Cleaning service thik cha but overall thik cha,5,1/29/2024,english,1,2,services
Salon ma haircut good but wait,4,5/15/2025,english,0,0,services
Qua bitty thikai cha price anusar,4,2/20/2023,english,1,2,product
"brand original thyo, happy",5,6/15/2022,code_mixed,1,1,product
cleaning seva thik cha,4,5/25/2025,romanized_nepali,1,2,services
Online service helpful but app slow,4,1/31/2025,english,0,0,services
driver ramro thiyo tara route long,5,12/4/2022,code_mixed,1,1,transportation
"packing ramro thyo, satisfied tara overall thik cha",4,5/3/2022,code_mixed,1,4,product
product ramro thiyo tara loose vayo,5,12/8/2023,romanized_nepali,1,1,product
Cleaning service thik cha but overall thik cha,5,3/3/2025,english,1,2,services
