review_text,review_date,rating,language_style,has_slang,slang_count
ramro packing meet as expected  ,21-Aug-25,5,english,0,0
"Nice n worthy, 2nd time",07 Oct 2025,5,english,0,0
dami xa 🎀,2-May-25,5,romanized_nepali,1,1
good for this prise section,09 Apr 2025,5,english,0,0
"Worth buying it. Uses magnetic pots. Easy to handle. Go green, Good 😊",10 May 2024,4,english,0,0
Iphone ma  charge hudain but android ma chahi hunchha.data cable le iphone ma support gardain. ,2-Feb-26,3,code_mixed,0,0
"Great Packing, Delivery on time Thanks ❤️",20 Sep 2025,5,english,0,0
ramro xa price worth it,01 Aug 2025,5,code_mixed,0,0
❣️❣️👍👍 ekdam ramro xa vaneko jastai Saman paye space ni thikai ho xa dherei thulo ni Haina man paryo Malai chai thanks to daraz,02 Sep 2022,5,code_mixed,0,0
Product is good but dead skin chai teti remove na garne raixa but yo price ma it's okay,4-Nov-25,5,code_mixed,0,0
Thank you! my son loved it. Dherai man paryo re,29-Apr-25,5,code_mixed,1,1
"Dami, ekdum nai ramro quality ko cha. Highly recommended.",27-Sep-25,5,code_mixed,1,1
fabric isn't that much as shown in the pictures and videos....but I like it,02 Feb 2026,5,english,0,0
Strauss kei ta ayena. Chinese brand ko ayo teipani thikai cha.,1-Nov-23,3,code_mixed,0,0
"Packaging good, quality products but I'm over 100 kg a little bit size problem. Other wise I'm happy",01 Jun 2025,5,english,0,0
Can't explain in single word. This oil is soo soo good. For the one who is worried about hairfall try this once you'll never regret buying this. This is my 3rd bottle .,04 Jul 2025,5,english,0,0
dammi,21-Aug-25,5,romanized_nepali,1,1
"akdam sano raex ,,",15 Aug 2025,5,romanized_nepali,1,1
Didn't match at my phone!!!!,18 Aug 2024,2,english,0,0
Fast delivery nice packing thank you daraz team.,21 Dec 2023,5,english,0,0
ekdam ramro xa,16-Sep-25,5,romanized_nepali,0,0
Scam !!! Photo shows JBL heandphones but they sent some no name brand different than photo !,05 Jun 2025,1,english,0,0
perfect chha yo,08 Nov 2025,5,code_mixed,0,0
"ramro x product tarw ajhai euta usb port thapdeko vaye babal huney , worth it x lida hunx ",25-Nov-24,3,romanized_nepali,1,1
okay with the price,7-Dec-20,4,english,0,0
"Soft, smooth, and easy to use. Blends makeup evenly and feels gentle on the skin. ",18-Jan-26,4,english,0,0
purchased for a friend. she liked it,29 Apr 2025,5,english,0,0
helmet cahii babal naii lagiyo hair 😊,2-Dec-25,5,romanized_nepali,1,1
Dami xaa,11 Nov 2024,5,romanized_nepali,1,1
keeps the skin hydrated very good👍,01 Mar 2025,5,english,0,0
Baccha ra thulo both ko lagi hunxa yo. Light lay garda use garna easy xa.,17-Jan-26,5,code_mixed,0,0
I have just started using it. Can’t tell much.,17 Jan 2026,3,english,0,0
delivered,29 Sep 2025,5,english,0,0
kam xaina,24-Jan-25,1,romanized_nepali,0,0
The Ultima Boost 20k Pro is amazing. It charges my phone incredibly fast and lasts for days! ,23-Dec-25,5,english,0,0
Ramro xa product,21 Jan 2026,5,code_mixed,0,0
akdam ramro shoes xa dhukka vayera order garnus sasto Pani utkrista Pani jhanjhatilo ni vayena order ko Saman daraz le time dhoka Mai lyaidinu hunxa k chaiyo yo vanda akdam best shoes ⭐⭐⭐⭐⭐ ,26-May-25,5,romanized_nepali,1,1
Good product..smells is nice..loves it,20 Nov 2025,5,english,0,0
Thikai x,5-Mar-25,5,romanized_nepali,0,0
good in quality bt little bit small anyways i liked it,20 Jun 2024,5,english,0,0
MAlai ta akdam compatibile lageyo ramro xa delivery Pani time mai Ayo sabai lai Thank you xa 👍👍,12-Nov-25,5,code_mixed,0,0
"delivered within 2 days also its pretty good comes with a ultima sticker,6 month warranty and a charging cable🫶 ",15-Oct-25,5,english,0,0
Bed ma ramro sanga set hudaina. mathi bata bed seat nalagauda sound aauchha. lagauda jahile pani bed seat move vayeko vai hunchha.,07 Oct 2025,1,code_mixed,0,0
worth buying..,12 Nov 2023,5,english,0,0
my father n bro loved it,9-Nov-20,5,english,0,0
soche ko vanda ramro quality xa best xa,21 Dec 2025,5,code_mixed,0,0
"all things is good but one port is not working properly.so 4 ⭐⭐⭐⭐ "" ramro",24-Nov-24,1,code_mixed,0,0
aru bhanda thikai lagyo malai ,11-Feb-22,5,romanized_nepali,0,0
ek dam kabad tv jasto xa purai hinj kholeko xa ani nut haru ne baira xa ramro sanga heryo Vani tyo nut damage xa paila tv kholeko jhai Malai lagxa mero tv refurbished ho bigreako return vako Lai banayera deako jasto xa Ani screen ko pixel ma ne purai link g dekheako xa with too big lines and many more problems na replay hunxa na kei seller Bata nee hijo kholda vistel from turkey delheautheao aaile white screen kaile kaile blue screen khattam tv parey xa,18 Dec 2024,1,code_mixed,1,0
ramro xa rate anusar ko quality,11-Dec-25,5,romanized_nepali,0,0
Ramro xa 😘,12 Jun 2025,5,romanized_nepali,0,0
Photo ma dekhako jasto xaina rww phaile ko vanda copy  product xa phaile ko naii better xa ahile ko vanda tww  ,14-Jul-25,5,code_mixed,0,0
sound quality ramro xinaa,26-Aug-25,5,code_mixed,0,0
not tired yet but looks good,23 Nov 2025,5,english,0,0
best product seen on the internet,08 Nov 2025,5,english,0,0
ek dam good quality ko x,2-Aug-25,4,code_mixed,0,0
khai ke khai ke! result nai dekhaaeko chhaina. ek mahinaa bho use gareko!,24-Jan-25,1,romanized_nepali,0,0
Saman ramro xa but delivery is so late,03 Nov 2025,5,code_mixed,0,0
Great product.Loved it...,10-Sep-21,5,english,0,0
Have been using it 2 week jati bhayo hola ! fast charging pani hunxa ! my device is A35. and 2-3 times ko bich ma charge hunxa mero Device. Build Quality pani ramro xa ! 2-4 choti ramrai height bata jhari sako ra pani kai bhako xaina  ,27-Jul-25,5,code_mixed,0,0
thank you for seller 🙏🙏 derai ramro products raheko xa dhannebad hjr lai,16-Jan-25,5,code_mixed,0,0
"40h battery vanera dhateko xa,16h matra raixa",04 Jul 2025,3,code_mixed,0,0
❤️😍😍,25 Sep 2025,5,romanized_nepali,0,0
Feels like scam it said free gift for buying 4 and I didn't get total waste I only needed 1 while I purchased 4 due to offer very disappointed,11 Jan 2026,1,english,1,1
sano vaye Pani ramro lagyo,30 Jun 2024,5,romanized_nepali,0,0
Jun size magauna khojdai hunuhunxa tyo vnda 1 size thulo magaunu hola navaye tight hunxa khuttama. product Chai ramrai xa. ,28-Dec-25,4,code_mixed,0,0
color packaging Ra sound ramro xa,2-Feb-26,4,romanized_nepali,0,0
it's okey.,23-Sep-25,4,english,0,0
Bekar waste of money ekdamai naramro ekpalta use garese faldim jasto,8-Jan-26,1,code_mixed,1,1
Really good shoes,21-Sep-25,5,english,0,0
paisa tiri sakesi saman ta ali ramro nafuteko pathaununi k patha ko yesto damage 😡😡😡😡😡,05 Nov 2023,1,code_mixed,0,0
Ramro layo,26 Nov 2023,4,romanized_nepali,0,0
Wow sochya ko vanda ni ramro lagyo🥰🔥,27-Mar-25,5,romanized_nepali,1,1
Herda thikai xa but materials ekdam nai patalo raheko xa. Soft pani xaina but extreme hard pani xaina. overall Okay xa.,29-Jul-25,4,code_mixed,0,0
nuce,13 Oct 2025,5,english,0,0
khadai kam nalagne raixa sisa ko.hudo raixa ,4 weeks ago,2,romanized_nepali,0,0
"Saman ramro xa, User Manual pathiyena, Sound ali thulo xa. Aba kati chalxa herau!",19 Dec 2023,3,code_mixed,0,0
akdam ramro chha..,4-May-25,5,romanized_nepali,1,1
very useful as expected,22 Aug 2023,5,english,0,0
ramro xa whasing mechine ko lagi best xa akdam safha vayera aune ramro xa 👍👍👍👍👍 Malai akdam manparyo 👏,20-Feb-25,5,romanized_nepali,0,0
Aru brand bhanda 1 size thulo raicha. EU 38 bhaneko size 5 ho. Tara esma size 6 audo raicha. So ek size sano kinda huncha. Tara price anusar quality ramro cha.,26-Jun-24,5,code_mixed,0,0
Ultima ko yo product Lida Hunxa Hai sathi haru.! Everything was pack safe and parcel was in good condition to.! ,7-Jan-25,3,code_mixed,0,0
thank you ..3dyas vitra delivery vayo ...,10-Dec-24,5,code_mixed,0,0
price anusar best ,12-Jun-25,5,code_mixed,0,0
"thikai xa , dekhako bhanda saman farak xa tara",26 May 2025,2,code_mixed,0,0
Kasto na ramro xa tara kam chalauw ko lagi thik xa ,3 weeks ago,1,romanized_nepali,0,0
not good shoes very bad quality,2-Dec-25,5,english,0,0
"Price anusar thikei cha, no regrets 👏",5-Jul-23,5,code_mixed,0,0
as shown in the picture. Ramro chha.,2-Jun-25,4,code_mixed,0,0
it smells very herby 🌿 and green it was my first purchase. I'm shading after Dengu lagye Bata yati derai kapal jharirako Cha Bold nai huna lagi sakye. I hope it works for me.,24-Jan-25,5,code_mixed,0,0
yo chahi sabai ki lagi ramro na huna Pani sakxa sensible hair haru ko le mix garera Ani 1 hr Mai wash garda better result milxa . Mero chahi suru ko 1 month maa ekdam hair loss vayo use garna na janera.,21-Aug-25,5,code_mixed,0,0
nice product beautiful ha photo dekh lo kar diye Hain,18 Aug 2025,5,romanized_nepali,0,0
packaging was good. its the 1st time I am using this product. I like it.,08 Mar 2025,5,english,0,0
yo thik cha ,12-Nov-24,5,romanized_nepali,0,0
Last sano xa weast money don’t buy,4 weeks ago,1,code_mixed,1,1
ramro x,27-Oct-25,5,romanized_nepali,0,0
Very nice shose ❤️👍👍👍👍👍,13-Aug-25,5,english,0,0
Aru sugar free biscuit vanda yo chai malai dherai mitho lageyo ,11-Mar-25,5,romanized_nepali,0,0
"aaja ko order bholi paltai delivery vayo, khusi lagyo chado order huda.",8-Nov-25,5,romanized_nepali,0,0
Ekdam Comfortable xa,31-Aug-25,5,romanized_nepali,0,0
ramro xa   vaneko  jastai rahexa,29-Aug-25,3,romanized_nepali,0,0
charge dherai kaam Tiki raheko xa,25 Dec 2025,1,code_mixed,0,0
Malai yo green colors Ali ramro lagena color change huncha ra,14-Jul-25,5,romanized_nepali,0,0
size sano bho can be exchange,7-Aug-25,5,code_mixed,0,0
Thankyou Jina Alchemy..since its my 1st purchase don't know how it works on me..definitely gonna re-purchase if it gives results..,20 May 2025,5,english,0,0
OMG it's soooooo soft 😭 🤧 the best for beginners 😘🫶 ,7-May-25,2,english,1,1
loved this product  ,6-Aug-25,5,english,0,0
light nai ramrari balena.. tei light KO laagi purchase gareko 😔😔 ,21-Jun-25,2,romanized_nepali,0,0
"16000 mAh ko ho jasto lago malai. Yatiko hunu ramrai ho. 22.5 watt hoina 15-18 watt chahi hola. 
Je hos ma khushi chhu.  5 star nai ho ",19-Nov-24,3,romanized_nepali,0,0
scammer... scammed for other product.,04 Aug 2025,5,english,0,0
battery chai sakeko raixa ,10-Dec-25,2,romanized_nepali,0,0
1st ma chai ramro lagyo paxi Feri same hair-fall vayo Mero case ma chái,24-Jan-25,1,romanized_nepali,0,0
dherai naii sano raixa overall thikai xa,21 Nov 2023,3,code_mixed,0,0
paisa anusar ko thikai ho saman,18-Jun-25,5,romanized_nepali,0,0
Piro khana na sakne le na khanu mutu dukhera dhannai marena ma  ,16-Apr-25,5,romanized_nepali,0,0
Was not expecting this to be this good. 10/10 no drama. ,23-Sep-25,1,english,0,0
still using this sano bhayeni ramro cha,17 Jul 2024,4,code_mixed,0,0
yekdam ramro xa lida hunxa,2 weeks ago,4,romanized_nepali,0,0
"thikae cha kehi din vayo lagako smell chae aatinai strong cha, sabaile dherai time samma rakhna sakdaina so I recommend 4 hrs Max rakhera take a shower after few months I'll give you guys updated review. #review_wrapup",24-Jan-25,4,code_mixed,1,1
nice ali kati thulo vayo change garna milxa ki nai hola,20-Nov-23,4,code_mixed,0,0
people says kaam gardaina but there's also way to use it properly so yeah it's good,26 Nov 2025,4,english,0,0
Ramro xw. maile chahi sabbailai recommend garxu hai ☺️ ,22-Sep-25,4,romanized_nepali,0,0
ramro xa but ali thulo facelai nahune raixa,28 Mar 2025,5,code_mixed,0,0
"nice products 
I love this product 👍🏽 ",13-May-25,5,english,0,0
"Yo suru ma thikai thiyo tara aile aayara awaj aaunu lagyo 
Wire jodeko thau bata. 😖 ",2 weeks ago,3,romanized_nepali,0,0
Very nice product thanku daraz mini n handy 😊,04 Nov 2022,5,english,0,0
saman aayo tara halka time layo aru thikai xw .,28-Sep-25,5,romanized_nepali,0,0
I loved it works very good. Looks and features also nice. I highly recommend it for all.,11 Dec 2025,5,english,0,0
ramro thyo..good...,5-Dec-21,5,romanized_nepali,0,0
tesro choti ko order ho mero ekdam ramro xa  ,7-Feb-25,3,romanized_nepali,1,1
It wasn't as spicy as I thought. And it wasn't worth the money I paid for it. 👍  ,21-Feb-25,3,english,0,0
nyccc,22 Dec 2025,5,english,0,0
man paryo ramro xa ani babal,4 weeks ago,5,romanized_nepali,1,1
amazing products Tara 1 suggestion to daraz delivery charge Ra extra charges alik dherai vayo ki . delivery+ shipping garera maximum 100 hunu parne kk charge zodera mahango paryo .,15-Jul-25,5,code_mixed,0,0
Price anusar thik x,07 Jun 2025,5,code_mixed,0,0
"herda ta ramrai X. palette brush is worse.
dhanna combo bhayera Matra thik bhayo and it doesn't have exp.date and m.f.d",23-Oct-21,4,code_mixed,0,0
M size vanako l size pathaunu vha xa.. ,24-Dec-25,5,romanized_nepali,0,0
as expected very good,14 May 2025,5,english,0,0
maile silver colour ko nagako thiye golden colour KO aayexa jhan seller lai vaneko Pani silver ma pathaidinus hai vanera but at the end golden paryo disappointed but product ki quality chai ramro xa kinda hunxa,06 Nov 2024,3,code_mixed,0,0
"Nice, I liked it",25 Jul 2022,5,english,0,0
Good product ramro xa ani size ni thulo xa,24-Nov-25,4,code_mixed,0,0
worst packaging and delivery late,19 Nov 2025,1,english,0,0
Thikai xa plastic vayera halka cheap feel xai auxa,3 weeks ago,3,code_mixed,0,0
Eyeshado shining ma xa ,19-Jun-22,3,code_mixed,0,0
excellent 👌👍 and babaal,26-Jul-25,1,code_mixed,1,1
Price anuwas dami xa lovely layo malai xai,12-Oct-25,4,code_mixed,1,1
really nice products. fast delivery too  ,22-Jun-25,5,english,0,0
"wrong information dinu vayena ni tesari """,31-Aug-25,3,code_mixed,0,0
"Bottle babal xa , seller le chai Ali ramro sangai packaging gareko xaina , delivery Pani 1 day paxi vayo , overall price anusar ramrai xa .",24-Aug-25,4,code_mixed,1,1
jacket ramro xa but M size ko order gareko L size ko ayexa.4inch 2side bata silai hane paxi balla vayo.next time size check garera pathauna hola,3 weeks ago,5,code_mixed,0,0
Quality Is Excellent. Everyone Should Purchase From Here. Thank You Radhe Radhe,05 Dec 2025,4,code_mixed,0,0
"Immidiate review, okay.. Let's see the performance",29 Jan 2024,4,english,0,0
"Pictures quality is poor , when i use Netflix the sound is delayed and quality is poor as well, so before buying this tv do think twice.",26 Dec 2023,3,english,0,0
best ones on so low price .,19-Sep-25,5,english,0,0
best and good quality product 😍 Malai akdamai ramro and comfortable fell vayo,6-Jul-25,5,code_mixed,0,0
"worth buying, good delivery guy.",08 Nov 2024,5,english,0,0
socheko bhanda ramro xa kinda hunxa hai quality pani ramro xa market ma yo price ma khojdaa khattam pauxa,13-Aug-25,5,romanized_nepali,0,0
babal lagyo battery health ta op ,1 week ago,5,romanized_nepali,1,2
"Size ali sano hudo raixa,,,thulo size magauda pani,,,rest is fine",19-Jul-25,4,code_mixed,0,0
Thekai xa ramrai xa tara vaneko jatti chai charge garna nasakne reaixa 0-100 Iphone 15 pro max 2 choti charge gardai ma purai battery drain hudo reaixa ,1 week ago,2,code_mixed,1,1
"Yesterday when I received it, the charge was 86%. Even after charging for around 30–45 minutes, it didn’t go up—it’s still showing 86%. Looks like a problem. ",30-Sep-25,1,english,0,0
malai ekdam man pareki saman ,30-Jun-25,5,romanized_nepali,0,0
👍,21 Oct 2022,5,english,0,0
nicexa ,8-Mar-25,1,english,0,0
washing machine ma liquid ali dherai rakhnu parne rahe xa,7-Jun-25,4,romanized_nepali,0,0
Picture quality and sound is okay .,10 Nov 2024,5,english,0,0
thik xa use gareko xaina,30 Dec 2025,5,romanized_nepali,0,0
dekhako jasari shed vako coat nanikalne raixa. used on my labrador & cocker spaniel. didn’t meet the expectation as per its shown or described. Review from a unsatisfied customer.,20-Jun-24,2,code_mixed,1,1
ramro xa vanay ko jastai pako xu 👍,8-Oct-24,5,romanized_nepali,0,0
ramro xa ☺️☺️,6-Dec-24,5,romanized_nepali,0,0
Socheko vanda ni yekdamai man paryo,17-Nov-20,5,romanized_nepali,0,0
🥰🥰,24-Oct-21,5,english,0,0
As expected,28 Aug 2023,5,english,0,0
akdam comfortable hunxa Ra ramro Pani xa,22 Feb 2024,5,code_mixed,1,1
loved it❤,6-Nov-20,5,english,0,0
looks good according ko price.. weight chai alik light xa overall ramro xa,12-Aug-24,5,code_mixed,0,0
thikai raicha use greko,22 Nov 2025,5,code_mixed,0,0
Perfect for organising utensil,28 Jan 2026,5,english,0,0
ramro xa chitta bujhyo bachchale lagauda sajilo raixa ani chipline dar pani raina xa  ,9-Apr-25,5,romanized_nepali,1,1
okok xa kei din use gareysi tha hunxa,24 Jan 2026,3,code_mixed,0,0
I ordered JBL headphones. They sent me P 9 headphones,28 Nov 2025,1,english,0,0
watetproof vanera order gareko ramro rahexa. ,17-Dec-25,5,code_mixed,0,0
malie xai babaal lagyo hai helmet 👌 halka discount pako vaye last khusi hunthey .. tara payena tesma xai dukhi xu,15-Nov-24,5,romanized_nepali,1,1
Good service. delivered on time.,8-Sep-21,5,english,0,0
Ramro xa design saman sano raixa big sizemapani leunupareo aba,06 Feb 2026,5,code_mixed,0,0
softer then I expected......I will recommend you too buy❣️ ,23-Jan-25,5,english,0,0
Good product and packaging & delivery is good. Thank you daraz team.,06 Jul 2025,5,english,0,0
dami xa ramro lagyo looks awesome on body,12 Sep 2024,5,code_mixed,1,0
op nice so pretty  ,18-Apr-25,5,english,1,1
wooow,08 Apr 2025,5,english,1,1
afai restart hunchha,07 Oct 2024,5,code_mixed,0,0
Very good shoes. comfortable,19-Dec-25,4,english,0,0
price anushar quality ramro xa its goood❤,13-Dec-23,4,code_mixed,0,0
Bottle ekdam ramro xa but leakage problem xa.,5-Jul-24,3,code_mixed,0,0
"Thikai layo. Price wise, okay, may be. Sisters haru lai ni gift diyeko yei. 😆",12 Jan 2026,5,code_mixed,0,0
ramrai xa hai product chai ...,20-May-25,5,romanized_nepali,0,0
ramro lagego lida hunxa sabaila,28 Jul 2025,5,romanized_nepali,0,0
"after 1 month of using, it's working smoothly .Good quality product .",14 Dec 2023,5,english,0,0
It has been 1.5 years and the TV is still doing great. Worth it👍,29 Dec 2024,5,english,0,0
After 3 days paxi Saman delivery vayo Tara kei xoina expections v/s reality same paye 😇 maile use Pani garirako xu mero face oily xa Tara ekdam suit gareko xa plus smell mitho xa Tara Ali Kada scent xa overall packaging haru sabai ekdam good xa 👍👍💞💞,18-Dec-25,5,code_mixed,1,1
same to same like products paisa asul,6-Jun-25,5,code_mixed,0,0
socheko vanda ni ramro Saman paye thank you,8-Jun-22,5,romanized_nepali,0,0
smells so fast,2 weeks ago,4,english,0,0
good dami  xa . hai la lala lala ramro xa   ,10-Oct-25,5,code_mixed,1,1
Na lida hunxa kam xaina tv ko pahila use tv aako xa ma return garna chanxu Movie chali rako xa Kei dekhauna,06 Jan 2025,5,code_mixed,0,0
"Genuinely , photo ko jasto kehi xaina . Na colour socheko jasto xa na quality.",12-Nov-23,1,code_mixed,0,0
babal xa hai helmet,2-Dec-24,5,romanized_nepali,1,1
It arrived earlier than I thought. and i loved the product. thank you so much,25-Mar-22,5,english,0,0
"ekdam ramro xa dhuka vara lida hunxa 
",11-Jan-24,5,romanized_nepali,1,1
Socheko vanda ramro paya saman,9-May-25,1,romanized_nepali,0,0
Nice price anusar thikei ho🫶,30-Oct-24,5,romanized_nepali,0,0
yesko smell chai dhoesakeypachi na basni raicha but it smells good,20-Feb-25,5,code_mixed,0,0
wayy smaller than i thought but its soft and easy to use ig  ,17-Aug-25,5,english,1,1
jbl company ko . 5000 ko saman discount maa deyako jastw dekhauni . quality auta pani xin,23 Aug 2025,1,code_mixed,0,0
"thnaks for this, i think it not pvc material. ",3 weeks ago,4,english,0,0
"Ramrai cha yo price ma, tei yellow hune ho pachi but ramro cha cover",25-Aug-24,5,code_mixed,0,0
ultima ley packing chai ramro garer pathauni raixa khusi lagyo product n ramro lagyo weight n xa  ,25-Jul-25,5,romanized_nepali,0,0
Seller le message reply gardaina. TV ramro thiyo tara wall mount garne bolt damage raixa. Pahile nai return vayeko saman hola. Ma return gardai xu. Disappointed!!!!,23 Mar 2024,1,code_mixed,0,0
kinda good ani lifetime thikai nai xa yasko got it  ,3 weeks ago,3,code_mixed,1,1
It’s was amazing I just love it ❤️‍🩹 Order garda hunxa gyz,19 Feb 2025,5,code_mixed,0,0
thikai xa.,25 Nov 2023,4,romanized_nepali,0,0
It is Worth buying 😊😊,20 Oct 2023,5,english,0,0
dherai ramro lagyo,20-Feb-25,5,romanized_nepali,0,0
"Review herera kineko Ramro lagena polister type ko rahecha ani size pani mention gare ansar rainchha, ali sano chha",21-Dec-25,5,code_mixed,0,0
Ramro lagooy 🙏,20-Sep-24,5,romanized_nepali,0,0
good #review_wrapup,18 Dec 2023,5,english,0,0
just wow...good for snacks time mitho ni xa,22-Sep-22,5,code_mixed,0,0
wow great product and pakaging.very much tisfied withh seller.thank you seller.,23-Jul-20,3,english,1,1
gift ko lagi kineko thiye I hope gift liney Lai mann parxa hola 🤞 Malai chai ramro lagyo 😗🙂😉,6-Oct-25,5,code_mixed,0,0
the packaging was good still using it for the first time.,03 Jan 2026,4,english,0,0
worth buying👌🏻 ,22-Feb-25,5,english,0,0
fits perfectly!! thank you 😄😄,30 Jan 2024,5,english,0,0
thait kabadi product. aajai saman receive garerw charge gareko 1 hr samma 88% dekhi charge nei badeina tw. ty mathi port ni 2ta USB xa xyaa.. Ultima le kahile dekhi yesto ghatiya product nikalnu thalyo ,16-Jul-25,1,romanized_nepali,1,2
🙌🏻,15-Jun-24,5,english,0,0
yo price ma yetiko features best ho.,24 Nov 2025,4,code_mixed,0,0
nice quality but tight nai bhayo arule bhaneko jasto.,24-Sep-25,4,code_mixed,0,0
Nice product at reasonable price. Quality ni ramro xa. Thank you so much.,7-Oct-25,5,code_mixed,0,0
The colour and shoes quality is actually impressive and I think i find that the shoes 2 inches more long.GOOD AT THIS PRICE,2 weeks ago,5,english,0,0
Review dharai Ramro lagyo ❤️😍,03 Apr 2025,5,code_mixed,0,0
went up to 15 W max on samsung s24 ultra. Did not go up to 22.5 W as advertised. ,19-Nov-24,5,english,0,0
this oil has helped me with my PCOS hairfall. super beneficial for my scalp. thank you jina alchemy for creating this product 😍 I have almost emptied the bottle. need a new one soon 😉,24 Jan 2025,5,english,0,0
"Yekdam Manparyooo , Very affordable, just receive at rs.450",07 Sep 2025,5,code_mixed,1,1
ramrai xa full charge garera 3.5 choti mero mobile charge gare 😘💞👌I recommend for all to buy blindly 💞😘💐 ,19-Oct-24,5,code_mixed,0,0
clothes doesn't look clean,13 Jun 2025,3,english,0,0
I got the pink one so cuteeee 🎀 and it works as expected,3-Sep-25,1,english,1,1
fake products 😡😡😡 very poor quality,30 Aug 2025,1,english,0,0
saman auna kina let vo ... ,28-Dec-25,5,code_mixed,0,0
Product is really nice..its perfect and the material is really nice..jasto dekincha testai cha..dami dami…,14 Nov 2021,5,code_mixed,1,2
cables xaina warranty card fill xaina stoer bala ramro vayena,23 Nov 2024,5,code_mixed,0,0
"Excellent packaging, seems and feels premium, delivery was also fast now lets see how it performs 🫡 ",14-Oct-25,5,english,0,0
I didnot got the free package,25 Jan 2026,5,english,0,0
I had never imagined that i would ever switch my choice form Cetaphill until i started using this cleanser. Budget friendly and work really well.,18 Nov 2025,5,english,0,0
"power bank KO size Pani Tara Charing hour chai Ali dherai raixa Tara yetiko range ma over all good nai xa vanam  """,6-Oct-25,2,code_mixed,0,0
price herarw thikxa😅,31 Oct 2025,5,romanized_nepali,0,0
Ekdam ramro xa. Mero skin pores haru dherai minimise gareko jasto lagdaixa.,17-Dec-25,5,code_mixed,0,0
Not android tv. It has its own operating system to make the tv smart. If you are looking for TV and YouTube then this tv is okay. But not recommended for Netflix and prime video as the apps are cracked version. Even TV is not genuine. Sticker is used on the tv to show its brand. You might have come to know about it.,13 Jun 2023,1,english,0,0
ramro xa.,17-Jun-25,5,romanized_nepali,0,0
not as spicy as expected.......... ,30-May-25,3,english,0,0
"Decent value for money. Although you can get similar price deals if you look around lagankhel. Better looking ones too, but around Rs.150 more pricey.",14 Oct 2025,4,english,0,0
Saman ta thikai chha tara picture ma dekheko bhanda farak aayo.,03 Feb 2024,4,code_mixed,0,0
good but expected it translucent,04 Apr 2025,5,english,0,0
ramrai xa but not google verfied product purchase bill warranty card not aayena,11 Nov 2024,3,code_mixed,0,0
"Jacket zipper is low quality.
#review_wrapup",14-Dec-23,3,english,0,0
gift item ako xaina ani package already futako x.sakesamma packaging xai ramrari pathako vae hunthyo with seal.,22-Jan-26,1,code_mixed,0,0
size vaneko jasto vayena hai,10-Jul-25,5,romanized_nepali,0,0
The product looks good. 👌🏻,15-Nov-23,5,english,0,0
ramro xa,15-Aug-25,5,romanized_nepali,0,0
Yekdame useful lagyo  ,26-Nov-25,5,code_mixed,1,1
Ali sano xa,27 Apr 2023,5,romanized_nepali,0,0
dekhako jasto hunna huna ta 1199 ma k expect garni but overall good xa pant ma lagauda tik hunxa short ls haru ma lagayo vane cheap quality ko ho vanera tha hunxa,22 hours ago,3,code_mixed,0,0
thekai xa kinda hunxa,4-Feb-26,1,romanized_nepali,0,0
"It's quality is alright, it was my first time buying the pads from dazar and well it was okaish not too bad",02 Dec 2025,5,english,0,0
"xitai time mai paye, delivery person was too good, Discount ma product ni Paul. expiry date Pani dherai barshako cha! happy to grab this opportunity",01 Aug 2025,5,code_mixed,0,0
Ramirai xa … 2500/-   Ma order gariyo ko 2nd din mai 1900/- ma offer ma theyo Tyo price ma pako bhae unbeatable jo huntheyo…. Tara thikai xa overall ramrai layo….. ,5 days ago,5,code_mixed,0,0
Received expired date ,18-May-24,1,english,0,0
I love this shoes.. socheko vanda dherai Babaal lagyo.. finishing daami raixa.. bt afno size vanda 1 size thulo lina parne raixa halka sano hoki jasto vayo.. overall ramro raixa.. I recommend to go for product without any hesitation.. ,14-Jun-25,5,code_mixed,1,1
just wow amazing products,17 Nov 2025,5,english,0,0
yo mero second time ho paila used gareko dherai ramro thiyo tohe vayera 4 bottles order gareko aaile quality ghateko cha khe ramro chaina waste of money😡,24-Jan-25,1,code_mixed,1,1
It’s as expected,06 Mar 2021,5,english,0,0
Ramro xa sochejastai,4-Sep-25,5,romanized_nepali,0,0
osm superb xa,3-Feb-25,5,romanized_nepali,1,1
good packaging arrived in well condition👍🏽👍🏽,05 Sep 2025,5,english,0,0
Comfortable   xa rmao ni xa,30-Dec-24,5,code_mixed,0,0
"The ear wax cleaner is well received. It is nice and works as per the purpose. The well lit inside ear makes it secure to clean ear wax at any time makes the operation convenient. 
The delivery staff was gentle.
Recommendable product and service!
Baccha ra thulo both ko lagi hunxa yo. Light lay garda use garna easy xa.,17 Jan 2026,5
Nice product with prompt delivery. My daughter likes it. Thank you,08 Jul 2025,5
Baccha ra thulo both ko lagi hunxa yo. Light lay garda use garna easy xa. ,17 Jan 2026,5
IT's a very useful tool one which can be order by Little ones mumma ,15 Nov 2025,4
I'm not sure if batteries can be replaced though  ",4-Jun-25,1,english,0,0
xya socheko jsto xaina raixa k socheko k aayo yesto gatiya Saman pathaideko purai low quality ...weast of money euuuuu,1-Jul-25,5,code_mixed,1,1
looks solid. will move out to test how mant times cab charhe phone ,27-Sep-25,5,english,0,0
this is my 2nd time purchasing. nice product.,29 Apr 2025,5,english,0,0
thank you so much daraz🫶♥️💝 packing was too good IAM so happy 😊 it's my favourite oil so 12 pieces buy gari sakkeya maile..💖 Kati chai ramroo ho k yo oils aati nhi help gareko xa hair growth & new baby hair grow garna ma Pani.👌💋 I just love it💋.jeena third eye rosemary hair oil is love- (love love)awwwww🫶♥️💝,16-Jan-26,5,code_mixed,0,0
Topnotch packaging and it smelt quite strong even before I unboxed it. I hope it helps me in hairfall reduction as I have expected.,24 Jan 2025,5,english,0,0
love it photo ma jhan same cha dhukha bhayera leya huncha,3 weeks ago,4,code_mixed,0,0
ramro xa good quality,9-Jun-25,5,code_mixed,0,0
"Very useful power bank! I’ve been using it for almost a month, and it’s totally worth it. Charges fast, and if your phone already has decent battery backup, this can easily handle long trips. Minimalistic design and overall a solid 10/10. ",4-Nov-25,5,english,0,0
It was one of the worst shopping online I ever had.The items were to less &expensive.I hadn't expected....👎👎,27 Sep 2020,1,english,0,0
ramro chha hai,16-Nov-25,5,romanized_nepali,0,0
Sochey jastai ramro cha❤ dhukka le order garda huncha,9-Jan-25,5,romanized_nepali,1,1
product ramro lagyo. lida hunxa ,25-Nov-24,5,romanized_nepali,0,0
Yo pad ramro xa,25 Sep 2025,5,romanized_nepali,0,0
Verry Good condition 👏,08 Dec 2025,5,english,0,0
mero yo size milena abo k garne ho,2-Jul-25,5,romanized_nepali,0,0
Quality of shoes are good tara size doesn’t fit. I want to exchange the shoes. ,26-Dec-25,5,code_mixed,0,0
product is good for the price 👌 ekdam manparyo tara delivery chai 5 din lagayo,19 Dec 2023,5,code_mixed,1,1
price anusar ekdam ramro cha,06 Jun 2025,5,code_mixed,1,1
Oww 🤩,22-Mar-22,4,romanized_nepali,0,0
maile read color magako the Pink color aako xa plz exchange gardinu sabai return ko fom varda Mero mbl Bata photo ni aplode vaira xaina,6-Feb-26,5,romanized_nepali,0,0
attractive and nice product as per price thik xa,15-Dec-24,5,code_mixed,0,0
dami and very comfortable to wear,4-Dec-25,5,code_mixed,1,1
it's my second time purchasing it. Dry skin ko lagi ramro Kam garcha.,18-Aug-25,5,code_mixed,0,0
Okay,11 Aug 2025,3,english,0,0
op qualtiy,8-Jun-25,5,code_mixed,1,1
Nice xa product,24-Dec-25,5,code_mixed,0,0
my 2nd purchase. very good shoes for children  ,4 weeks ago,1,english,0,0
A good Quality product with affordable price is called Ultima lifestyle. Maile pahile pani ultima ko earbuds use gareko xu ra after sale service pani ramro lageko le maile yo new product purchase gareko. Yesko packaging dekhi liyera built quality eakdam ramro lagyo charge pani fast hudo raixa. I will suggest this product. ,6-Oct-24,5,code_mixed,1,1
Product not as advertized. ,13-Jul-25,2,english,0,0
it wasn't that good.the brush came out quickly it's wasn't how I expected ani it wasn't shaped properly alsoio,26-Mar-25,2,code_mixed,0,0
kapal korna lai ramor xa hai,9-Nov-25,1,romanized_nepali,0,0
Pic ma dekheko bhanda sano raxa Paisa aanusar saman ta ramro xa,14 Jun 2025,5,code_mixed,0,0
Nice shoes 😊😊 Thank you Daraz🙏🙏,1-Aug-25,5,english,0,0
best quality in this price 100% trusted account to order 🩷,3 weeks ago,5,english,0,0
good 👍 price anusar yakdam ramro xa❤️‍🩹 ,24-Jan-25,5,romanized_nepali,1,1
kei pani lekheko xaina ta warranty card ma na companys stamp x na dealers stamp?? date haru kei lekheko xaina is it applicable??,12 Nov 2024,5,code_mixed,0,0
Jhakkas,28 Feb 2025,5,romanized_nepali,1,1
k ho yesto 20000mah bhanera 10000 ko product po aayo ta k ho para yesto? returns garnu parne ho? ,2-Aug-25,5,romanized_nepali,1,1
"good product, aramle kinda hunxa.",19 Sep 2025,5,code_mixed,1,1
Nice product…sasto ma esto ramro,17 May 2024,5,code_mixed,0,0
Don't buy this product: 1. Battery Sath ma aaudaina 2. Charger/connecter pani xaina sabai kinnu parxa xuttai. 3. 10kg hoina 2kg vanda mathi jokhna mildaina 4. battery kinera halda battery bata chalena 5. Accurate xaina 1 kg jokhda 100 gram farak aauxa 6. 2kg jokhda 200 gram farak aauxa. 7. Digit haru clear dekhidaina. 8. 4inch x 4inch ko saman xa. 9. aafai nivne aafai on hune hunxa. 10. bachha haru lai khelauna chainxa vane magauda guna.,05 Mar 2025,1,code_mixed,0,0
♥️♥️👌 Just Awsm,10-Dec-21,5,english,0,0
ramrai xa,11 Mar 2025,5,romanized_nepali,0,0
Nicee proudct,6-Sep-25,5,english,0,0
Khaii use garesi vanam la xamma lai dinxu,08 Jun 2025,5,romanized_nepali,1,1
saman dami xa,26-Dec-24,5,romanized_nepali,1,1
shoes lovely xa hai guys comfortable ni xa plus stylish ko ta kurai na garam last babal xa . yati ko rate ma ta katai Bata paudena all thanks to this store,22-Sep-25,5,code_mixed,1,1
Ramo cha price anushar kina huncha,18-Nov-25,5,romanized_nepali,0,0
dherai dherai bhando ni ramro xa kyare malai chahi yo aile bhanda ko sahi lagyo,5-May-25,3,romanized_nepali,1,1
I ordered a queen 5*6.5ft and received a twin size protector. Dont expect to get what you order,01 Aug 2022,2,english,0,0
Ramro xa,13-Mar-25,5,romanized_nepali,0,0
Ramro cha as majjale kaam dinxa I love it. Thanks for fast deliver.,01 Mar 2021,5,code_mixed,1,1
45 din jati vayo hola . ramro chalirako xa.,21 Mar 2024,4,code_mixed,0,0
Jasto image ma dekhaxa testai aako xa thank you draz,3 days ago,5,code_mixed,0,0
Saman ekdam ramro xa. worth it. delivery pani on time within a day aipugyo along with tax invoice. ,10-Dec-25,1,code_mixed,0,0
♥️👍,14 Jun 2023,5,romanized_nepali,0,0
smaller then expected,5 days ago,3,english,0,0
good quality.delivered on time.u order4 but didn't get ant free gift,18 Sep 2025,4,english,0,0
product use chai garya xaina Tara quality ramrai xa thank you for the fast delivery,23-Sep-25,5,code_mixed,0,0
90ml vhanera 75 ml ko patahyo,5-Feb-26,1,romanized_nepali,0,0
fastt delivered and good packaging,18 Sep 2025,5,english,0,0
"Good product, as shown in the picture. The measurements in the picture are also accurate within an error of 0.5 cm, except the height of the bottom piece. It is not 7 cm at all. At most, it's 3.5 cm 😁.",30 Nov 2023,5,english,0,0
ramrai xa aru k bhanne aba thikai lagyo  ,24-Nov-23,1,romanized_nepali,0,0
🥵🥵 Piro matra xa kehi swad xaina ,10-Aug-25,5,romanized_nepali,0,0
"Useful product, nice packaging. Loved it",2 weeks ago,5,english,0,0
Plain order gareko printed aayo.,21-May-25,3,code_mixed,0,0
awesome ....whatever i expected more better than that i got it along with cover..Thankyou daraz,07 Sep 2025,5,english,0,0
Nice shoes,11-Nov-25,5,english,0,0
sabaile kinda hunxa yo jaxot babal kai bhetidaina ,1-Aug-25,5,romanized_nepali,1,1
quality thikai cha  ,19-Jan-25,1,code_mixed,0,0
Ekdam ramro xa Dhukka vayera kinda hunxa,2-Feb-26,5,romanized_nepali,1,1
babal Cha,9-Nov-25,5,romanized_nepali,1,1
Very small and cheap. 1-2 ota dishes haru ni halna namilne khal ko xa Really really really disappointed with the profuct. Expectation vs relality type ko xa. anyone if you are going to buy this product then it is like wasting your money.,19 Apr 2022,1,code_mixed,0,0
👍👍 fantabulous ,28-Feb-25,2,english,1,1
Highly recommended product,21 Dec 2024,5,english,0,0
Nice product pic hale na maile because photo ma jasto xa tastai paaya ... please buy it. Worth it,23-Jun-23,5,code_mixed,0,0
exactly as shown 😉 the colour is beautiful kaam tw garxa Tara malai simple wala le badhi ramro kaam gareko jasto lagyo esle bhanda,3 weeks ago,5,code_mixed,0,0
Well packaged,19 Oct 2025,5,english,0,0
Quality wise saman thik ho tara socheko vanda sano size rahexa. 4 jana family member ko lagi yo hudo rahenaxa. Bahira bazaar bata kinda thik...,16 Oct 2022,4,code_mixed,0,0
Worst hami yaha ramro saman dekherw linxau Dekhako saman haru akaii xainah,16 May 2024,1,code_mixed,0,0
Nice as expected.  Thikai xa,3 weeks ago,3,code_mixed,0,0
Ramro xaina waste of money used vako jasto aayo ani ek dui ota bhacheko ni thyo,23 Jul 2025,1,code_mixed,0,0
Good packaging and good product. 4 ota order gareko tara pani free gift chai paena 😅. Only handwash. Ki tei nai gift ho 😂.,6-Jul-25,5,code_mixed,0,0
packaging was good and there's a free gift too loved it fab smells good,27 Jul 2025,5,english,0,0
nice products better for low flow,3 weeks ago,5,english,0,0
Thikaii cha ,3-Jan-26,5,romanized_nepali,0,0
good One Yesle 3 Tai ports bata charge output garna mildo raixa even type c to c pani  ,17-Oct-25,3,english,0,0
ramrai xa☺️,2 weeks ago,5,romanized_nepali,0,0
not shown as picture.....it jb 760nc but advertised as jbl 760nc...they just cheated me,28 Sep 2025,5,english,0,0
Damiii chha❤️,3 weeks ago,5,romanized_nepali,1,1
price anusar product😂,15-Apr-24,1,romanized_nepali,0,0
I just loved this product ❤️ ,23-Aug-24,3,english,0,0
It is worth it i almost used it For 5-6 months But it becomes yellow after 4-5 months,07 Apr 2025,5,english,0,0
it's good hjzhzhzhzhzjzjjzzjjzjzjzjzjzjz,3 weeks ago,5,english,1,1
saman ta thikai xa ramrai kam hunxa but sarai sano size xa,14 Oct 2023,5,code_mixed,1,1
"My favorite 
Quinoa and bishwas ",2-Jan-26,1,english,0,0
safely recieved,01 Jul 2025,5,english,0,0
soon Goona try ! Looks amazing 👏,16 Oct 2025,4,english,0,0
price anusar product best xa hai ta,2 weeks ago,3,code_mixed,0,0
causal use like thik cha .. Ali patalo cha it's okay,19-May-25,5,code_mixed,0,0
"pocket maa rakhera katai jana na sakne """,12-Aug-25,1,romanized_nepali,0,0
gharma sabailai man paryo ramro😂😂😂 ,4-Aug-24,5,romanized_nepali,0,0
thik xa aba use gare paxi tha hunxa 2/4din paxi ,2 weeks ago,5,code_mixed,0,0
Kei kaam gardaina wastee,12-Nov-25,1,code_mixed,0,0
I got genuine product wid 4 introductory gift 😄 Thanx Godrej n Daraz,20 Feb 2025,5,english,0,0
nice products,28 Nov 2024,5,english,0,0
One week vako xaina use gareho overheat issue on wire. I want replacement .😡😡,03 Dec 2023,2,code_mixed,0,0
Sunsilk Hairfall Solution shampoo 625ml Free,2-Jan-26,1,english,0,0
Osm .,2-May-23,5,romanized_nepali,1,1
"highly recommended who are searching a quality powerbank in budget. if your phone has the type of fast charge listed in the box then go for it (quick charge 3.0, vooc, warp etc). charging speed is excellent. packaging is great. but if your phone only supports a certain watt of charging speed (like 15 or 18 watt only) it will not charge faster than that your phone should atleast have 25watt of fast charging to enjoy the fast charge supported by powerbank (for those who complain why their's don't charge fast). go for it ❤️ ",7-Oct-25,5,english,1,2
❤❤❤❤,02 Feb 2024,5,english,0,0
good packaging and good product,27 Aug 2025,5,english,0,0
ramro xaina bekar ko kasaile nakinnu waiste of money,23 Sep 2025,5,code_mixed,1,1
"Use garna baki chha, smell ni thikai chha average lagyo,ramro sanga aipugeko thiyo",20-Nov-25,5,romanized_nepali,0,0
it's a good product and expectation vanda ni dherai ramro lagyo malai chai,9-Dec-25,5,code_mixed,0,0
Theekai xa,4-Nov-25,5,romanized_nepali,1,1
good shoes,13-Jun-25,3,english,0,0
Saman kholera pathako xa ani used ani damaged,12-Oct-25,1,code_mixed,0,0
yetti KO price ma babal xa shoes KO quality Go for it keta hoO,16-Oct-25,4,code_mixed,1,1
kineko the asti ko bhanda man parena tyai lkura ho ,2 weeks ago,1,romanized_nepali,0,0
Gift nai payena,25-Oct-25,1,romanized_nepali,0,0
looks very very good irl. I will be using this now.,16-Oct-25,5,english,0,0
Thiqkai xa,25 Sep 2025,5,romanized_nepali,0,0
According to cost it's value for money...cheaper compared to other detergent 👍,20 Feb 2025,5,english,0,0
The product that i hv got was damaged one,13 Dec 2023,2,english,0,0
large bhaneko tar small rahexa,19 May 2022,5,code_mixed,0,0
akdam ramro lagyo  ,27-Mar-25,3,romanized_nepali,1,1
Not good not bad it’s like okey price anushar Thankyou Daraz,12 hours ago,5,code_mixed,0,0
Finally I got it. let's see result kasto aauxa vanerw aani date pani 2 years ko raixa i like it and thank you daraz😊,24-Jan-25,5,code_mixed,0,0
"herda ramro xa, heavy xa. aas garu ki kaam pani ramro garos ",15-Nov-24,1,romanized_nepali,0,0
Not much hydrate and thorai whitening dher basne  ,26-Dec-25,3,code_mixed,0,0
it's very nice although I've not used it but am excited to try it asap thank you daraz ❤️❤️,30 Nov 2025,5,english,0,0
wow dhere ne ramro xa expect gareko vnda ne reality ma dhere ne ramro lagyeeu price aanushar this is so good love this ,6-Aug-25,5,code_mixed,1,1
prodict eak dam ramro xa baby haru ko ear safa garda eak dam sajilo hudo raixa  delivery pani fast  ,18-Aug-25,5,code_mixed,1,1
awesome 😎 thank you daraz ❤️,30 Oct 2024,5,english,0,0
paisa abuse sunglasses 🕶️ tika xha,12 Aug 2025,5,code_mixed,0,0
received it in good condition. was cheaper because of vouchers.,13 Jan 2026,5,english,0,0
yakdam time ma aako X Saman Pani yakdam ramro x,28-Oct-24,5,romanized_nepali,0,0
Good shoes accordiing its price. I like it. Yes you can purchase it.,3 weeks ago,5,english,0,0
one of the best purchase of mine from daraz. fits perfectly for plus size girls.,21 Oct 2024,5,english,0,0
I received my parcel today . Aalikati leak chai vayexa . Use gare paxi vanxu kasto theyo banera aba 😁,27-Jun-25,5,code_mixed,0,0
"just as i expected 😇😇, i loved it",21-Apr-21,5,english,0,0
Bestttr,11 Apr 2025,5,english,0,0
tk,22 Jan 2026,5,english,0,0
"I would give 0 rating if it were possible.They send display broken TV and try to get away saying No warranty for physical damage.2 kaudi ko company furti badi lauchan. Dont buy from them ,no service no warranty..vestel ko naam maa duplicate chinese TV ho.If i get their adress i will complaint them to police.And the one chatting in daraz,bloody shit dont know how to behave..daraz need to remove these kind of frauds",02 Aug 2024,1,code_mixed,0,0
yo ta aile samma kai sabai vanda best oil ho mero lagi mero lagi ta jadu nai vax ayo oil le kapal jharera yesto halat kharab vathyo but yo oil lr mero dherai kapal palako xa best oil ever ho yo oil ta,22-Oct-25,5,romanized_nepali,0,0
photo ma here KO jastai payo dherai dherai dhanyabad sir 💝,7-Feb-25,5,romanized_nepali,0,0
According to price product was justified  ,21-Nov-25,3,english,0,0
same to same and fit eyes sunglasses butter product I like it 🕶️,07 Sep 2024,5,english,0,0
fits queen size bed ..has water proof fabric below..,12 Nov 2022,5,english,0,0
ram ro Saman thiyo malai ramro lagyo Ajay,14-Oct-25,5,romanized_nepali,0,0
product ramro xa kind nda hunxa,16-Mar-25,4,romanized_nepali,0,0
Soche vanda ekdamai Ramro aba  chae kasto cha idk tara mulye anusar Sabai Ramro cha. ,6-Sep-24,3,romanized_nepali,0,0
"Nice,lets see how it works... ",16-Jul-25,5,english,0,0
Delivered to fast but their isn't complete items. Kettles and spoons aren't on my package.,29 May 2025,3,english,0,0
Awesome and has been using since two weeks,12 Dec 2025,5,english,0,0
Genuine Shoes With Good Price,1 week ago,5,code_mixed,0,0
best quality loved the product 😀😀😀,28 Sep 2025,5,english,0,0
plastic tip. I was expecting silicon.  ,28-Dec-24,3,english,0,0
thikai ho prize anusar,12-Jan-26,5,romanized_nepali,0,0
Shaker is better than I expected 👍🏼,18-Sep-23,5,english,0,0
ramro xaina khi pani kaam gardaina paanile vine paxi steel ko vhada majhne jute jastai rough hunxa . ma chai recomend gardina..,7-Jun-25,1,romanized_nepali,0,0
it's very good quality shoes form daraz,27-Sep-25,4,english,0,0
great experience using these shoes.,29-Jun-25,5,english,0,0
Damii lagyo quality pani dherai ramroo afule socheko jastei rahexa. Thank you daraz,18 Aug 2024,5,code_mixed,1,0
supercalifragilisticexpialidocious,2 weeks ago,5,english,0,0
Good product. And ramro ani,1-Sep-22,4,code_mixed,0,0
Naramro saman pathai dinu vayexa😡😡😡😡,21 Aug 2023,5,romanized_nepali,0,0
thik xa,23 Jun 2025,5,romanized_nepali,0,0
hamile saman return gareko kati din vitra affno account ma paisa aaucha... ,28-Nov-25,5,code_mixed,0,0
"dhulka bhayara lida hunxa. Ramro xa. tara glass puxne kapada na aaudo raaixa, box chai aauxa hai feri.",06 Mar 2025,5,code_mixed,0,0
ramro cha ,30-Dec-25,5,romanized_nepali,0,0
thikai xa,6-Apr-25,5,romanized_nepali,0,0
Photo ma dekhanuni ra delivery gardini saman nai farak hunxa. Tehi vayera Online shopping garna nai jhyau lauxa.,02 Mar 2025,1,code_mixed,0,0
Should’ve been a little bigger to hold lots of dishes,30 May 2024,3,english,0,0
kinda small but does the job,01 Dec 2023,4,english,0,0
product yekdam ramro xaa rw packing pani dherai ramro lagyoo delivery pani xito hune raixa khusi layooo rw price ni sasto raixaa thank you daraz ❤️,23-Jun-25,5,code_mixed,0,0
"This Product (Vestel Led Full Hd 1/8) is No 1 for this price range. Rs 27,720 1) Picture quality is good. 2) Sound Quality is good.",01 Mar 2024,5,english,0,0
"delivery and packaging was extremely good, let's see the results ❤️",03 Jun 2025,5,english,0,0
Paila maile Cetaphil use garthi but yo try garam va erw switch garya worth it hola weird smell chai xa but it's worth it for dry sensitive skin.,25 Oct 2025,5,code_mixed,0,0
thik thik xa,24-Jul-25,5,romanized_nepali,0,0
received just 4 pcs 1 pcs missing,28 Dec 2025,1,english,0,0
Bottel photo ma bhaye ko aaye na ra color pani red chaena kina yesto garnu bhaye ko saman je cha post ma tehi pathaunu parne thiyo kina bottel model arko aaye ko cha,23-Nov-25,5,romanized_nepali,0,0
Best product at reasonable price hai,3 weeks ago,1,code_mixed,0,0
gonna meet the expectation,29 Nov 2023,5,english,0,0
Thikai xa price aanusar.....Ariel jasto ramro daag jadaina,5-Feb-26,3,romanized_nepali,0,0
Ramro cha but aafai le one tym stitching ma rework gare better huncha ..,23-Aug-25,5,code_mixed,0,0
lala dami xa dami haina over dami raixa man paryo 😍,15-Jul-25,5,romanized_nepali,1,3
Good but bottle cap kholne raw banda garne garda crack aako xa,20-Feb-25,5,code_mixed,0,0
ekdamm expensive vyo Nepal made product Ali affordable hunu pryo,24-Jan-25,5,code_mixed,1,1
Doesn't work,15 Nov 2025,1,english,0,0
It doesn’t charge past 86% even after hours of charging  ,1-Sep-25,5,english,0,0
Good for bachhaharu,16-Sep-24,5,code_mixed,0,0
"guys i dont think this product is genuine, date pani already expired vako xa. cream pani bahira niskirako xa. date hune thau ma chyateko xa ani arko thau fake lekheko xa tyo pani 2025 november samma ko matra. ‼️",18-Nov-25,1,code_mixed,0,0
worst product I have ever get in daraz paisa matra kharcha hunxa aaru kehe pani hudaina  ,22-Jan-26,1,code_mixed,0,0
I have no idea about the makeup brushes as i am no professional but they are in good condition so i like it.   Arulai ni suggest garxu babal bhanera,10-Aug-25,5,code_mixed,1,1
incredible 😍 dAmmy,06 Feb 2025,5,english,1,1
jasto photo ma xa testai aai pugxa but I guess scratches xitai parxa hola...Use garerw pheri yo comment edit garxu,30-Dec-25,4,code_mixed,0,0
dherai sano xa.. thulo family xa vani i don't suggest. yedi 1 2 jana MATRAI hununxa vani ..go for it,04 Nov 2022,4,code_mixed,0,0
Doesn't take off dead skins . pijaz ko bora is better than this.... 🙃 . Waste of money.,22-Nov-25,1,code_mixed,1,1
socheko bhanda yo chai alikati dherai nai  ramro xa tyasaile sabile kina bhanxu ma cahi ,27-Dec-25,3,romanized_nepali,1,1
use xai garya xaina Tara pic ma dekhaye jasti xa,19 Sep 2025,5,romanized_nepali,0,0
mulya anusarako saman patakkai chaina.third class,22 Jul 2023,5,romanized_nepali,1,1
i ordered seamless but I got stiched ones.....,07 Jul 2025,5,english,0,0
Good ramro xaa  dheri ramro vnaam bhari xa  ,25-Jul-25,5,code_mixed,0,0
Skin matra naramro hunx Kai kaam gardiana kasaile na kinnu hola Better buy other than this from local stores,18-Aug-25,1,code_mixed,0,0
ramro xa rmro Kam garxa Lida hunxa,9-Jan-26,5,romanized_nepali,0,0
Mailey already pay garya ni feri garnu laga yo hawa raixa,13-Nov-25,1,romanized_nepali,0,0
"Problem mai la tai video ma vabadeyako xu ?
haru kura use garyo paxi tha hunaxa pawar bank body is good 😊 ",25-Oct-25,3,code_mixed,0,0
Product is good and several repeat orders been made. Supplier is slow in packing and handing to the delivery partner.,8-Jul-24,1,english,0,0
Low price and good product hai,30-Jul-23,5,code_mixed,0,0
No invoice and user manuals,23 Nov 2023,4,english,0,0
maile 4 bottle khattam gari sakkea❤️🫶 yo 2ota le total 6 ota buy gari sakkea it's my favourite essential oil just love it😽 guys dhukkha vayera buy gardaa hunxaa yo oil sab hair lai suits garxaa favourite oil ♥️🫶❤️,4-Jun-25,5,code_mixed,1,1
Xi basnai namitho 🥹🥹💸money waist xi  ,24-Nov-25,5,code_mixed,1,1
Nice but why wont it charge itself faster its been 4 hours? ,14-Dec-25,2,english,0,0
👌👌👌👌👌 dami,6-Feb-26,5,romanized_nepali,1,1
"Ekdaam ramro , useful xa. If you wanna buy go for it.",04 Aug 2023,5,code_mixed,1,1
"Very useful power bank! I’ve been using it for almost a month, and it’s totally worth it. Charges fast, and if your phone already has decent battery backup, this can easily handle long trips. Minimalistic design and overall a solid 10/10.",4-Nov-25,5,english,0,0
Ekdam ramro lagyo quality,22-Jan-26,5,code_mixed,0,0
"Decent product on affordable price sabai normal nai chalirako chh has been using since 2 weeks,",27 Oct 2023,5,code_mixed,0,0
ramro xa fast charging pani support garxa ra thik thak nai xa weight over all ramro lago price aanusar 20k mah ko powerbank ,9-Dec-25,3,code_mixed,0,0
hshwb swhs sjsbs shs shs sheje she whew w,13 Jan 2026,5,english,0,0
Dami xa sache vanda ramro xa Dhukka le buy garda hunxa,2-Feb-26,5,romanized_nepali,1,1
I got the product. Use gareko xaina let’s see Kati ko ramro garxa,11 Jun 2025,5,code_mixed,0,0
nice product nd suitable price 😉,28 May 2024,5,english,0,0
Malai chai ramro lagena review hererw magako lagauni bitikai dallo pardo rahixa Xya ramro xaina,03 Sep 2025,5,romanized_nepali,0,0
Ali sano size raixa overall thik xaa,12 Nov 2025,5,code_mixed,0,0
☺️,20 Sep 2024,3,english,0,0
😀yesto scratch vako nadim hola anyway good product at good price,27-Nov-24,5,code_mixed,0,0
Ramro cha,1-May-25,5,romanized_nepali,0,0
its is as expected,08 Dec 2024,5,english,0,0
haitt baball xa hai yo chahi sabaima ,13-Jun-25,2,romanized_nepali,1,2
I find the product and its quality as mentioned on the daraz website.,18 Nov 2020,5,english,0,0
price anusar its good but khasai safety xaina and too lite pani overall thikai xa,13-Aug-24,5,code_mixed,0,0
"The product is good in this range , packing was also good and a main thing If you are buying this then you need a good quality cable 
And for fast charging it supports 22.5 watts whereas my mobile supports 33 watts . So, yeah It is not that fast for me but it varies on your mobile.  ",3 weeks ago,4,english,0,0
thekai xa but sath ma aaune data cable ghatya xa  ,21-Oct-25,4,code_mixed,0,0
ilve the watches ❤❤,23-Apr-21,5,code_mixed,0,0
nice product got it fast thanks ultimate and daraz for this iteam  ,1-Aug-25,5,english,0,0
Ramroo chaa,23 Jan 2023,5,romanized_nepali,0,0
sarai ramro raixa tara color chai aarko paro,8-Apr-25,5,romanized_nepali,0,0
"paisa anusar product ekdam ramro xa, ani key ring pani ekdam bike milne dinu vayexa bike pni ktm RC thy0",10-Nov-25,5,romanized_nepali,0,0
I always use to buy this type of case for my phone because its good but please be careful yellow chahi hunxa tarra ramro xa case chahi just yellow hunxa kehi months ma,13-Oct-25,5,code_mixed,0,0
Paid Rs 1150/- More than Worth it,13-Nov-25,5,english,0,0
not as expected... too smalll sizes,15 Oct 2025,1,english,0,0
plz first of all check your product nicely and only delivered. my power bank right side has not working properly it charge only 5-6 sec and it discharge 1-2 sec and again charge . this process goes on. plz help me what to do ,20-Dec-25,3,english,0,0
"first day use after purchase, induction ma ekxin chalepaxi E4 vanne error aauxa. kunai pani khana pakauna mileko xaina. everytime E4 paxi restart garnu parxa. need help from seller... rating can be revised if solved",08 Dec 2023,2,code_mixed,0,0
picture ma dekhako jasto same xaina ani size pani ultopulto pathaidinxa maile medium bhane theaa large pathaidiyaxa . overall not bad.,22-Jan-26,3,code_mixed,0,0
Eakdamai sano x length...teti short pad kunai tha theana,12 Jan 2026,5,code_mixed,1,1
okay adjustable and sabilai recomendable ,29-May-25,1,code_mixed,0,0
Average xa 1 days use gareko bltra ko vanda heat huna time lagxa,17 Sep 2025,3,code_mixed,0,0
Aru sugar free biscuit vanda yo chai malai dherai mitho lageyo,11-Mar-25,5,romanized_nepali,0,0
"Mero phone ko 64 charge theyo powerbank ko 79 
aila some minute mero charge 70 vayo powerbank ko 77 
so i think 10000Mah ko ho jasto xa 20k vako va ta 1 percent la mero phone around 6 percent hunu partheyo poisa matra sasto kam ta hawa raixa charge 22.5 chai hoina 15w ko cha haii 7 days paxi herxu ani review dinxu 🥲 ",16-Nov-24,1,romanized_nepali,0,0
it's goo..but suze alikati sano chh,31 Dec 2024,5,code_mixed,1,1
i love it mailo marda hatai dukhthyo ahiley sajilo bhayo wow ha ha ha dherai paxhi nuhako majja aayo,7-Jan-26,5,code_mixed,0,0
"finally received the product; very early then the mentioned date; the product looked premium and heavy too. lets see how it performs, thanks daraz n seller; delivery boy is nice  ",28-Oct-24,3,english,0,0
Omg To much spicy 🌶️  ,10-Mar-25,5,english,0,0
price anusar babal xa,11-Jun-25,5,romanized_nepali,1,1
Thikai cha,5 days ago,4,romanized_nepali,0,0
it's a bit shorter than my expectations. It's okay good enough to use. Thankyou seller,07 Jan 2026,5,english,0,0
"Wow, ramro lagyo, highly recommended 👍🏻 ",9-Jun-25,2,code_mixed,0,0
ok How kong it goes on time wil. say with 1 yr warranty,11 Dec 2025,5,english,0,0
Basna ekdam ramro xa😊my favorite liquid detergent ❤️,30-Aug-25,5,code_mixed,0,0
dekhako jastai raixa ramro lagayo,4-Jul-25,5,romanized_nepali,0,0
price ko hsalnle herda thikai xa,1 week ago,5,code_mixed,0,0
alli sano xa size yesko anyway ramro xa,07 Jan 2026,2,code_mixed,1,1
"Saman Aipugyo tara yasto halat ma ,,ali Jatan gardim hai ,futyo bigryo wala jhanjhat lina sakidaina ni",20-Jun-25,5,romanized_nepali,0,0
"dhere fast delivery bhayo AJ Sam KO fast 
aru herda ramro X ab use gare si thah hunx ",13-Oct-25,3,code_mixed,0,0
Genuine review: Shoes was very low quality ani damaged ni cha and in both shoes daaag nai dagg plus khuileko jasto cha very very bad quality price range is good but quality anusar thik chaina if you’re thinking to buy this shoe then don’t buy. Invest in good shoes not on this low quality shoes. DO NOT BUY GUYSS,16-Oct-25,1,code_mixed,0,0
Thik xa,20-Sep-25,3,romanized_nepali,0,0
Cute ani small man paryo malai  ,18-Oct-25,5,code_mixed,0,0
ramro xa ❤️ ,1-Aug-25,5,romanized_nepali,0,0
ramro cha,20 May 2025,4,romanized_nepali,0,0
Malai chai yo jutta thik laina arko ley use gareko jutta molai delivery garne kasto ganai raha ya dekhi pani thah hunxa use gareko ho camera,19-Sep-25,1,romanized_nepali,0,0
price anusar thikai xa,1-Jun-25,5,romanized_nepali,0,0
"i got it for Rs 47. haven't used it yet, but thought it was cheaper than at stores. packaging was good.",11 Dec 2025,4,english,0,0
Price anusaar thikai laagyo malai chai. Overall i am satisfied with the product. Delivery pani time maai vayo dashain sakkine bittikai,06 Oct 2025,5,code_mixed,1,1
I m using for so many years..Very good for washing machine and handwash as well. Great fragrance and remove stains in easy wash,16 Dec 2025,5,english,0,0
Thekai cha,22-Sep-25,5,romanized_nepali,0,0
good but order one size small 38 fits to 39  ,20-Jul-25,5,english,0,0
useful products,08 Dec 2023,5,english,0,0
Sasto ma ramro surf. Smell pani ramro cha.,13-Oct-25,3,romanized_nepali,0,0
worthing,10-Jun-25,5,english,0,0
"I have received the TV on time, but it has a WALLMOUNT which I have never seen before. It looks like a WALLMOUNT for flies.",12 Jun 2024,2,english,0,0
"Bright clothes lai thikai xa, not so wow not so bad.",22-Nov-25,3,code_mixed,0,0
picture ma dekhako jasto saman chaina sab kuchayera pathako cha waste of money,29 Oct 2025,1,code_mixed,0,0
the packaging and the delivery time impressed me alot,27 Oct 2025,5,english,0,0
biscuit mitho cha. ,20-Aug-25,5,romanized_nepali,0,0
ramro n helpful product❤ ,4 days ago,5,code_mixed,0,0
thanks to daraz family to give us good products❤🥀,20-Jan-21,5,english,0,0
Quality Ramro xa Recommendable Genuine,25-Aug-25,5,code_mixed,0,0
quality chai ramro raixa socheko jastai paryo 👍😍,14-Jun-25,5,romanized_nepali,0,0
mero dry skin lai alik suit garena dry skin ko lagi ho but yo use garera mero nose sides ekdam dry vayo and moisturizer lauda polyo yo cleaner use garesi,1 week ago,4,code_mixed,1,1
Mero daraz ko worst shopping experience. Hijo order aayo aja use Garda asto Cha. yo vendor ko ramro review dekhera ata bata liyeko Saman ramro chaina bhane kina sale garnu.,20 Nov 2025,1,code_mixed,1,1
work soo well dherai ramro xa super clean feel hunxa Tara colour chai 2 ota hudo raixa ghi paxi ani Alik patalo xa,28-Aug-25,5,code_mixed,0,0
good quality.... loved it perfect size,19-Nov-25,5,english,0,0
didn't work as i expected.,19 Nov 2025,1,english,0,0
"ramro cha yo product, expectation meet garyo.Thank you! ",22-Jul-25,1,code_mixed,0,0
ramro xa,02 Sep 2025,5,romanized_nepali,0,0
Niceeeeeeeeeeeeeeeeeeeeeeeeeee,13 May 2025,5,english,0,0
quality 10/10 and looks is amazing &premium overall 9.5/10,13 Nov 2025,5,english,0,0
comes with little pouch... ekdam worth cha price anusar  ,12-Mar-25,5,code_mixed,0,0
better than expected,04 Nov 2024,5,english,0,0
Thank you Daraz,29 May 2024,5,english,0,0
lamo jasto product xa quality pani khoya jasto saman instant return gardako refund pani lenu manana yo saman kinna manxa fasyo,09 May 2025,5,code_mixed,1,2
quality ramro cha tara pana kam cha,23-May-23,5,romanized_nepali,0,0
Nice packaging,04 Jun 2024,5,english,0,0
very good products as expected,25-Jan-22,5,english,0,0
costing is so much high.....800 ma leako theyea second purchase ma 200 badaunu not a joke 😑😑,24-Jan-25,1,code_mixed,0,0
soceko jasto chai xaina but herum use garda kasto hunxa,17-Oct-25,3,code_mixed,0,0
jasto khojeko ustai paiyo thanks love it,13-Mar-25,5,code_mixed,0,0
nice bling bling 💎💠,5-Jan-26,5,english,0,0
basera phone charge garna navyaune lai 1dum best product ,19-Jul-25,5,code_mixed,0,0
I don't know why but size 43 (i.e 10) is same as size of 42 (i.e 9) . I guess you delivered me size 9 instead of size 10 . 💔,26-Sep-25,4,english,0,0
Saman dami lagayo address Pani mistake vayeko thiyo delivery dai le milayera laidinu vayo thank you,20-Jan-26,5,code_mixed,1,1
Slightly smaller than expected. Everything else is good. Packaging and delivery was good.,02 Jul 2025,3,english,0,0
Looks same as in picture....solid...my only concern is the plastic lead...Donno how long it lasts ...aru Saab thik cha quality...,25-Jul-25,4,code_mixed,0,0
ramro xa daii sound system ne ramro xa,10-Jul-25,5,romanized_nepali,0,0
"my package arrived safely. using it for the first time, let's see what happens",10 Mar 2025,5,english,0,0
Smaller than expected. otherwise good.,09 Mar 2023,4,english,0,0
My 2nd time purschased love love this product,29 Sep 2024,5,english,0,0
11:11 offer maa order cancel vako thyoo feri paxi  try garda  outoff stock vayoo tei ni saman aayaxa khusi laghyoo . Thank You Daraz and Ultima Nepal .  ,17-Nov-24,5,code_mixed,0,0
"The product got delivered quicker than expected 
The power bank feels heavy so I think it is good and the quality is good too
It includes a Ultima sticker too ",11-Jul-25,3,english,0,0
Nice shoes for kids ,4-Feb-26,2,english,0,0
Dry skin ko lagi thik cha yo cleanser,11 Sep 2024,5,code_mixed,0,0
It is good while you only put your sunscreen it works very well but it didn’t remove makeup easily,04 Jul 2025,5,english,0,0
i am very disappointed with the product u delivered. its veryyy mall in size plz return back it... this dish rack drainer with tray for kitchen is very small plz take it back.. i dont want this item.. very very much dissapointedd with this daraj online,12 Mar 2023,1,english,0,0
ramro xa,24 Jul 2025,5,romanized_nepali,0,0
yekdamai patalo xa aani aali ghochney khalko xa aani doesn't even exploit the skin fake product so disappointed i don't suggest this..😤,10-Nov-25,1,code_mixed,1,1
ati ko price ma product best xa . aru lai pni yo shoes lina suggest garxu yadi sasto ma ramro shoes khojdai hununxa bhane yo shoes best hune xa,9-Dec-25,5,code_mixed,0,0
testo Ramro Cain's,28 Feb 2023,5,code_mixed,0,0
mailai chai kei aali alii matra aauxa dukhnuu chai lasss dhuxa scrub garda.,18-Aug-25,5,code_mixed,0,0
Thank you packaging was great 😊 😃😊,28 May 2025,5,english,0,0
price anusar bestt !!,4-Nov-25,5,code_mixed,0,0
sneakers order garako Nike xa ta,15-Nov-25,1,romanized_nepali,0,0
Delivered as expected with good quality and fit for a small family.,28 Dec 2024,5,english,0,0
backup xaina,11-Oct-25,1,code_mixed,0,0
"Satisfied, seems good quality. ",31-Aug-25,1,english,0,0
Sano cha but i expected it to be small nai so its fine. Works fine 💖,26 Jul 2022,5,code_mixed,0,0
Saman deliver vanyara deakhako xa aako nai xaina k vako ho,30-Jul-25,5,romanized_nepali,0,0
according to the price the shoes is perfect also the delivery was so fast i got it under 24 Hours,11-Dec-25,5,english,0,0
Good in price haita,5-May-25,5,code_mixed,0,0
Thikai xa tara narmal am se lai kam xain,24 Dec 2025,5,code_mixed,0,0
As aspected txz a lot,2 weeks ago,5,english,1,1
"Tv ni hang hune type ko cha, no Free wall mount",17 Dec 2025,1,code_mixed,0,0
Tysm,9-Jun-25,1,romanized_nepali,1,1
same as shown.thank u daraz.,14-Nov-20,5,english,0,0
Okay,24 Jul 2025,5,english,0,0
thikai cha......used it.....found comfortable,7-Apr-25,5,code_mixed,0,0
Yekdam naramro.. waste of money,21-Dec-25,1,code_mixed,1,1
although one watch was scratched. stisfactory😌,29-Dec-20,4,english,0,0
Its good i like it 🫶 Price anusar thikai xa,23-Mar-25,5,code_mixed,0,0
Maile first time dazar bata shoes Oder gareko xu ani phone ma hereko jasto aako xa so I really like it over all is good 😊👍.!,14-Nov-25,5,code_mixed,0,0
love xa la,7-Aug-25,5,romanized_nepali,0,0
Saman chai ramrai xa colour nih vaneko jastai paye but kan ali dukhaudo raixa charge ani charge chai vaneko jati natikdo raixa. Anyway Thank you daraz team.,13 Aug 2025,5,code_mixed,0,0
nise,20 Sep 2025,4,english,0,0
aru kura bhanda thikai xa sabile use garda hunxa bhanxu,29-Aug-25,1,romanized_nepali,0,0
Received in well sealed condition!Using it for the first time!Hope it works like mentioned in reviews!,18 Jul 2025,5,english,0,0
k review dinnu afai tha paunu vayo hola malai yo sunglasses yeti maan parxa ki aile samma maile 10 choti order gaisakye xu,23 Sep 2025,5,code_mixed,0,0
patulo raixa,19-Nov-25,5,romanized_nepali,0,0
first time malai ramro saman paryo 😊,10 Aug 2025,5,romanized_nepali,0,0
ekdam safe tarika ley aaya ko xa maan paryo . thanku,30 Nov 2024,5,code_mixed,1,1
dherai ramro xa ekdam baabdal xak babaall,8-Dec-25,5,romanized_nepali,1,2
"looks good, feels far better than regular shoes ",18-Nov-24,5,english,0,0
Nice for women,08 Dec 2025,5,english,0,0
ramro ho kinda hunchha,28 Mar 2025,5,romanized_nepali,0,0
Thank you packaging was good,30 Nov 2025,5,english,0,0
the family went mad for this product it really good sablai suggest grxu,21-Nov-25,3,code_mixed,0,0
soche jasto kai hudo roina raxa k order gareko k aio photo ma arkai real ma arkai quality ne tati ramro xoina,16-Oct-25,5,code_mixed,0,0
Price According Ramro xa,2 weeks ago,5,code_mixed,0,0
ekdum man parayo,05 Mar 2025,5,code_mixed,1,1
good packaging and fast delivery.,26 Apr 2025,5,english,0,0
Balla yo wala Ramro paryo Arko set ma leko 3 piece kei kam nagarni I love it 🩷,21-Sep-25,5,romanized_nepali,0,0
ramro xa yo shoes kapda le safa grna milxa easy xa SAFA garna mero chora la dherai man paryo 🥰🥰🥰🥰,4 weeks ago,5,code_mixed,0,0
Socheko vanda ni ramro xa,13 Dec 2025,5,romanized_nepali,0,0
"lastai ramro xa ❤️❤️ekdam fine product ❤️on time , thanks for special keyring gift ❤️",22-Dec-24,5,code_mixed,1,1
Overall it's nice. Recommended.. ,17-Nov-24,5,english,0,0
Thorai paisama yetiramro aayo I’ma khusi xu😊 ,2-Aug-25,5,romanized_nepali,0,0
Best quality as mentioned...,22 Nov 2025,5,english,0,0
Pretty good as per price!! Xa,28-Jan-25,5,code_mixed,0,0
Ramro lagyo,18 Nov 2025,5,romanized_nepali,0,0
4 thari saman magyako 2 ota pathayo,5-Aug-25,1,romanized_nepali,0,0
overall product is good 👍 but charger nai thiye n,21 Dec 2025,5,english,0,0
Ramro xa aak dam .,11-Aug-25,5,romanized_nepali,0,0
Yettiko price ma yekdamai ramro ho . colour rww quality yekdamai ramro xaa . Totally worth it.,3 weeks ago,4,code_mixed,0,0
harsh on skin doesn't exploit as expected but great for lathering your body wash and soap,12 Oct 2025,5,english,0,0
Very poor quality bora jasto,14-Oct-25,1,code_mixed,0,0
babal xa tara raati chi na lgauana garo hunxa,11 hours ago,5,romanized_nepali,1,1
this is my 4th time purchasing .,29 Apr 2025,5,english,0,0
Yess got the parcel,22 Aug 2025,5,english,0,0
Price anusar quality dami xa 🔥,28-Sep-25,4,romanized_nepali,0,0
Price anusar ta thickai hola . Yo 20000 mah lekhe pani kam chai 10000mahko jati matra gari ra chha jasto lagchha malai . Iphone 14 ma 30% charge huda backup 100% bata ghatera 84% ma aako chha . Hisab lagau ta Hajur k ho? ,7 days ago,3,romanized_nepali,1,1
this shoes is lovely.. and 2 days lageko delivery huna Tara as I am a genuine buyer it's a genuine product I love it,15-Dec-25,5,code_mixed,0,0
lovely watches.,23-Jan-22,5,english,0,0
ramro xaa Mero skin Lai ni suiitt gariraxa❤️,31 Jul 2024,5,code_mixed,0,0
overall product quality is satisfed . But I found same product in Rs 1799 in daraz 11:11. so how this is happened.  If its actual price was same I had mention there then you have to refund amount which comes in difference between the prices. thank you ,12-Nov-24,1,english,0,0
it's better than expected,29-Sep-21,5,english,0,0
really like it! it feels very sturdy compared to other clear cases i've bought!,20 Dec 2022,5,english,0,0
expectations vs reality,31-Jul-25,5,english,0,0
Ramro xa. Worth it.,15-Oct-25,5,code_mixed,0,0
this is amazing I liked it ♥️thank you daraz🥰,24-Dec-20,5,english,0,0
Hijo order hanya aja ayo ramro xa product. ,22-Sep-25,5,romanized_nepali,0,0
Mero saman yesto aaipughyo change garnu paryo display gako xa,12 Jul 2024,1,code_mixed,0,0
I like these products thanks u I am really satisfied with these products so i will give 5stars 🥰,28-Sep-20,5,english,0,0
ramro xa sound halka sano xa,17-Nov-25,5,romanized_nepali,0,0
just received today. price anusar saman ramroo xa.,21 Nov 2025,5,code_mixed,0,0
"I really liked the product, smells weird though. Thank you for delivering it on time-I appreciate the prompt service",01 Dec 2025,5,english,0,0
nice shoes yo shoes kinda hunxà hai daàm anusar maal thik xa Malai tw daami lagyo,2 weeks ago,5,romanized_nepali,1,1
"good , but I'll review it later after using for while  ",15-Aug-25,4,english,1,1
Sano xa bt ramro xa,26 May 2024,5,code_mixed,0,0
thikx xa aru saman haru bhanda yo wla,27-Oct-25,5,romanized_nepali,1,1
Nice. Charges other quickly but takes time itself to be charged ,2 weeks ago,2,english,0,0
Loved itt,9-Nov-20,5,english,0,0
lastai rmro lgyo ❤️,20 Jan 2026,5,romanized_nepali,1,1
Ramro lagyo,03 Sep 2025,5,romanized_nepali,0,0
"kaam chaina. bekar ko saman. bora jasto cha material. alik besari safa garna khojyo bhane ghau nai parcha. tried once, aba use garnai darr lagyo. kasto kada cha fabric.",19-Sep-25,5,romanized_nepali,1,1
Awesome product. Helping me alot in everyday usages ,29-Oct-25,5,english,0,0
is it very good yo saman chai malai dherai nai man paryo hai aakdam ramro xa hai quality 👌,09 Sep 2025,5,code_mixed,1,1
so poor packaging chyatiyeko box ma halera pathaunu vako thyo ajhai ulto packaging garera,25-Nov-25,3,code_mixed,0,0
2 oota maga ko 1 ta aayexa paisa 2 ootai kai legeko xa,19-Dec-23,1,romanized_nepali,0,0
"Thikaixa, soche jasto chaii aayena🫣",22-Jul-25,5,romanized_nepali,0,0
Best at affordable price xa hai,27-Dec-25,5,code_mixed,0,0
Nice quality Paxi yellow ta hunxa hola But yetiko price maa quality babaal xa Fast delivery thanks to daraz and seller too,26-Jan-25,5,code_mixed,1,1
good product with reasonable prices  ,22-Jul-25,5,english,0,0
ramro 6,2-Sep-24,4,romanized_nepali,0,0
J sochya tei aayo so okay,09 Aug 2024,5,code_mixed,0,0
quality price anusar thikai ho vannu parxa yetiko,16-Aug-25,5,romanized_nepali,0,0
Ramraee cha,25 May 2023,4,romanized_nepali,0,0
low rise vanera leko ta hoina raixa...,17-Mar-25,5,romanized_nepali,0,0
28-29 ko order gareko 32-33 ko aaya xa😡,4-Feb-26,1,romanized_nepali,0,0
i have ordered 41 size shoe but I have received 40 size shoe what the healled,26-Jul-25,5,english,0,0
3 pic of 3 different sizes,12 May 2025,5,english,0,0
Nice one on this price range .but maile kine paxi rate ghatyo alik tanaab bho .,22 Jul 2023,4,code_mixed,0,0
as expected. love it 😍. the color Matches me too.,19 Mar 2025,5,english,0,0
👍️👍️👍️👍️👍️👍️👍️👍️👍️,19 Jul 2025,5,english,0,0
Looks nice thank you daraz … thanks seller.. product is awasome…,18 Nov 2025,5,english,0,0
product is damm goddd very vey satisfy,16 May 2025,5,english,1,1
just wow!!! can't express how I'm feeling like ksto majjako x k aja aayo Saman ani I used it...I didn't expect this it's just wow....,11-Nov-25,5,code_mixed,1,1
maile aspect gare thiena ki asle kaam grxa but i was socked asle ramro sng maila nikalxa🥰,4-Nov-25,5,code_mixed,0,0
Looks kinda thinner thn I thought but let's see,15-Nov-25,4,code_mixed,0,0
As expected best fit @this price,22 Jun 2025,5,english,0,0
Size 40 ko ali sano vayo size 42 ko painxa ki nai,24-Aug-25,5,romanized_nepali,0,0
price ko hisab le product thik xa Tara sound quality chai man parena ani product ma scratch xa Dubai side ma,30 Jun 2025,1,code_mixed,0,0
Best products,08 Jul 2025,5,english,0,0
balla xa hai guys,21-Sep-25,5,romanized_nepali,0,0
nic,10 Nov 2024,5,english,0,0
"TV hangs every time. Picture quality is very low, no details, stamps or any information in warranty card. There was no VAT bill, only Daraz Seller Center Bill. I tried to get the VAT bill, I called many persons but no one responded me well.",07 Oct 2024,1,english,0,0
"Photo ma dekhako vanda ramrai raixa, 100% satisfied",19-Jul-25,5,romanized_nepali,0,0
Knowledge line ho vane ramro xa quality ma farak cahi hudaina,04 Aug 2024,5,code_mixed,0,0
"Charging thikai hunxa , Ramrai charge tikxa , mailey Rs 1850 mah kinney , price anusar ko product Babal lagyo malai . If you are looking for the power bank and your the budget is around 2000 then go for it .  ",8-Jan-26,5,code_mixed,1,1
ramro xa quality,01 Sep 2025,5,code_mixed,0,0
Smells so gooddd ,22-Dec-25,5,english,0,0
nice smell kapda pani soft hunxa hand wash ra machine wash both ko lagi best option,28-Dec-25,4,code_mixed,0,0
looks ma ramro xa kahai safety Kati ko xa,27-Aug-24,5,code_mixed,0,0
Shirt ekdam man paryo thank you so much 😍,16-Mar-25,5,code_mixed,0,0
Ramro xa shoe n affordable price too🥰,14-Nov-25,5,code_mixed,0,0
nice dry fit fabric. multi coloured options,10 Nov 2025,5,english,0,0
really good quality and great pricing,13-Nov-25,5,english,0,0
Lets hope it lasts upto 6 months. ,18-Nov-25,3,english,0,0
Aspected,25 Sep 2024,3,english,0,0
Size sano hudo raixa hunata packet mai lekheko thiyo 240 tara yetti sano hola expect gareyko thina so only 3 star tara pad chai ramroo thiyo,07 Nov 2025,3,romanized_nepali,1,1
thikai xa tara socheko jasto size nahudo raixa,27 Jan 2023,3,code_mixed,0,0
good materials but size too small for 34 size ..,30 Apr 2025,2,english,0,0
Best for buying liquid detergent nice wash cheaper and best wash 😉,2 weeks ago,5,english,0,0
ramro raixa product garmi ko lagi best,8-Apr-25,5,romanized_nepali,0,0
thankyou daraz ..I jst love it😊,17-Oct-20,5,english,0,0
I loved your product ,10-Feb-22,5,english,0,0
always been purchasing this same n it never disappoints!,07 Oct 2024,5,english,0,0
kasto kapal jharyo mero ta yo oil le,24-Jan-25,1,romanized_nepali,0,0
Eakdam babal quality ❤️ Last man paro 🫶 Thank you s ,7-Oct-25,3,romanized_nepali,1,1
frrr,16-May-25,5,romanized_nepali,0,0
Wall mount chaina otherwise tv good condition,17 Nov 2025,5,code_mixed,0,0
Good as per price xa j sukai bhaye ni,17-Mar-25,5,code_mixed,0,0
"I recently purchased this power bank, and I'm extremely impressed with its overall performance. The build quality is awesome, and it feels very durable. The delivery time was excellent, arriving promptly as promised. Additionally, the packaging was awesome and kept the power bank secure during transit. I highly recommend this product to everyone. However, please note that it doesn't charge at the advertised 22.5 watts. Based on my experience, it charges my mobile at around 10 to 15 watts. Overall, it's an awesome power bank with fantastic quality and reliability ",14-Nov-24,4,english,1,1
ranrei xa,9-Jun-25,3,romanized_nepali,0,0
same to same aayo dherai ramro xa I am happy 😊 thanks..sabaile kinda hunxa dherai ramro xa,31-Dec-24,5,code_mixed,0,0
sarrai ramro aako xa 😍 price anusar ta jhannai lastai ramroo😍,1-Dec-25,5,romanized_nepali,1,1
Gg,15 Nov 2025,5,english,0,0
Pani chirdo raixa,30-Nov-20,1,romanized_nepali,0,0
photo ma dekha ko jastai xa akdam high quality ko xa 🤗🤗🙏🇳🇵so tnk u so much draz,26 Oct 2025,3,code_mixed,1,1
nice ekdamai fit vayo damm anusar ko ramro xa,10 Jul 2025,5,romanized_nepali,1,1
Dami xa price anusar vanda dheraii naii babal xa. nasochi kinda hunxa yetiko ramro paudaina thoraii price ma.,28-Jul-25,5,romanized_nepali,1,2
Pricewise fine but didn't last long,23-Jan-22,5,english,0,0
"time ma tha payiyo, tara aba khana darr lagira xa 🤣🤣🤣 ",10-Oct-24,5,romanized_nepali,0,0
price anusar chita bujdo xa,18-Jun-25,5,romanized_nepali,0,0
babal xa hai,6-Feb-25,5,romanized_nepali,1,1
just got the product.packaging pani ramro xa futya leak kei xainaa. all i hope from this product is to make my hair condition better❤️,3-Nov-25,4,code_mixed,0,0
Perfect shoes underbudget,21-Jul-25,5,english,0,0
Doesn't support other utensils.,03 Apr 2024,1,english,0,0
use many times.. dherai patak pani kini sake raamro xa,28-Jul-25,5,code_mixed,0,0
ekdam nai ramro xa...... delivery pani within 2days ma nai vayo ani so satisfied k...,09 Nov 2025,5,romanized_nepali,1,1
Poor quality of this product Like a raincoat Bed ma basepachi sew sew bajeko bajai garne ani bedsheets sareko sarai ☹️☹️,13 Nov 2021,1,code_mixed,1,1
dherai ramro thank you daraz well packaged ❣️🙏,14 Nov 2025,5,code_mixed,0,0
"ramro ta xa, tara kapda allo polne type ko xa",5-Aug-25,5,romanized_nepali,0,0
not as expected,15 Dec 2022,3,english,0,0
giod but little small,13 Jan 2024,5,english,0,0
maile bholi palta nai received gare . dekhda Ramro XA . Ek choti power bank full charge gare paxi I think yesle 5000mah KO mobile KO battery 3 choti samma full Garxa. ,6-Jan-26,4,code_mixed,0,0
fine. grt.,03 Dec 2025,5,english,0,0
ramro raixa💐,04 Nov 2025,5,romanized_nepali,0,0
packaging was superb...ani product ni ramro xa..gonna buy soon again.. thanks.timely deliver vayo,20-Feb-25,5,code_mixed,0,0
2 din am light balna chhodyo.  ,4-Aug-25,1,code_mixed,0,0
Not bad size small xa,16 Jan 2024,3,code_mixed,0,0
halka tight vayo but good product masta comfort xa,11-Jun-25,5,code_mixed,1,1
ramro chha ma sadhai use gariraxu weight loss journey ma,28-Dec-25,5,code_mixed,1,1
Ramro xa hamro ma use garna lako 1 year jati bhayao,07 Mar 2025,5,code_mixed,0,0
Delivers what's shown.,13 Apr 2025,4,english,0,0
The gloves is as shown as in the photo . It exfoliates very nicely,04 Nov 2025,5,english,0,0
one of the best products ever💜😻.,19 Nov 2024,5,english,0,0
"Speaker bigryo kyarkyar garyo vanera naya kineko, bigreko vanda ni khatam quality.",2-Feb-26,1,romanized_nepali,1,1
Loved it!!!,14 Nov 2025,4,english,0,0
"Very Fast delivery. Thank U Daraz as well as Ultima for fastest delivery. Arrived on 1 day after ordering. Overall, everything is best. Fully satisfied Ultima. ",17-Sep-25,5,english,0,0
This grooming brush is easy to hold and gentle on fur. It removes loose hair well and keeps pets clean and comfortable. Good for daily brushing for dogs and cats easily.,5-Feb-26,3,english,1,1
loved this product,6-Aug-25,5,english,0,0
Ramro xã it's worthy,10-Oct-23,5,code_mixed,0,0
"Good product, Loved the moisurizer. Well packed, & got delivered oon time. Its my second purchase for the cleanser, & moisturizer too. Co derma is affordable, as well as suits my skin. Thank you Daraz",06 Jul 2025,5,english,0,0
Ekdam Dami raix manxe haru vayera langa vayo,19-Jul-25,5,romanized_nepali,1,1
Thikxa aru sabai tara Dhakan dhuna garo xa,24-Jul-25,4,romanized_nepali,0,0
"Liked the product, got exactly what I needed best for mass gainer as well as for whey . loved it.",28-Jun-25,5,english,0,0
"Tara Ali smell maan parena. """,11-Apr-25,1,code_mixed,0,0
ramro Lago Ani smell Pani ramro nai Cha .. packing Pani ramro Cha,27-Mar-25,5,romanized_nepali,0,0
yo Pani ramrai xa Tara teati mahilo nikhaldaina jasto xa ani ma vijako sano hudho rayexa tei ne thikae xa jali jasari use garnu chae..,15-Oct-25,4,romanized_nepali,1,1
ramro xa chulo,30 Nov 2023,5,romanized_nepali,0,0
Nice product good Colette 🥰,29 Mar 2025,5,english,0,0
Ramro,26-Mar-22,5,romanized_nepali,0,0
very nice  ani amaizing quality babal,7-Dec-25,1,code_mixed,1,1
one of the worst products I ever buy from daraz .Yoh saman kasailey ni na kinnu hola Yoh store Bata. steel ko vada majhni jaali ley jhoteko jasto hunxa .,28-Jul-25,5,code_mixed,0,0
ekdamai ramri lagyo shoes chai jhan teii mathi seller lai ni dhanyabaad chadai deliver gardinu vaye ko ma.,4 weeks ago,5,romanized_nepali,0,0
"Awesome product,, i'm sooo happy 😊",28 Mar 2025,5,english,0,0
Nice quality I really liked it. Must recommended,11 Aug 2025,5,english,0,0
ramro lagyo 🤗,4-Jan-25,5,romanized_nepali,0,0
Nice Thnk uh daraz😊,03 Sep 2025,5,code_mixed,0,0
"Packaging ta multi layer, daro nai thyo but seal ramro raina raichha, package receive garda bahira nai smell aairathyo, bhitra spill bhako raichha as you can see on the wrapper. Anyways this is my order review, aba product use garesi will share the experience.",24-Jan-25,1,code_mixed,0,0
good for ezfoliating skin,11 Aug 2025,5,english,0,0
sound quality is best but ear chai pain Gardo rahexa halkaa fit nahune,24 Aug 2025,4,code_mixed,0,0
thikai cha tyasto kharba ni xaina ,22-Jan-26,5,romanized_nepali,0,0
Studdds Raider Helmet so good,14 Nov 2024,5,english,0,0
price anusar product ramro lagyo,4 weeks ago,5,romanized_nepali,0,0
it is very useful ❤️🙏 thanks daraz,24 Nov 2025,5,english,0,0
it's a fake produck,4 weeks ago,1,english,0,0
Very food quality product. Obtained as expected. Thank you!!! Dherai maya,28-Jan-26,5,code_mixed,0,0
packaging dekhe delivery everything is good charge ni bhayeracha aba kei months use garira i will keep further updates about product. ,19-Dec-24,5,code_mixed,0,0
eakdamai ramro xa book dekha ko jostai hard cover ma,17 Nov 2025,5,code_mixed,1,1
Price aanusar mobile ko cover ramro chha but cover ko price vhanda delivery charge aali kati mahago vayo nii love it 🫶,17-Jun-25,5,code_mixed,0,0
Durable product. Will get scratched but its good for the kids as can be wiped with wet towel. Thats how I do it. Rmaro lagyo,4-Feb-26,5,code_mixed,0,0
worst thing ever purchased it burned my skin and didn't even exfoliate,30 Aug 2025,1,english,0,0
Daraz le review deko ma hami lai kai benefits aaune system banaunu parxa abo.,21 Sep 2024,5,code_mixed,0,0
tikkai xa,31 Dec 2025,4,romanized_nepali,0,0
Product is good but received 2 different sizes and different colors with patterns but ordered plain ones.,07 May 2025,4,english,0,0
100/100,18 Jul 2024,5,english,0,0
Thankyou so much 🙂 does its work perfectly... self clean bhakole dherai easy hune raicha 🥰 ,10-Jun-24,5,code_mixed,0,0
It said 13 but I got only 12. Nevermind the brushes were softt and nice❤️ ,8-Aug-25,5,english,1,1
"nice, tara powerbank charge huncha time chai lagcha ekdamai. yo powerbank lai chai kati watt ko charger le charge garnu parcha? any type c le milcha ki esmai aune le garnuparcha? ",14-Nov-24,5,code_mixed,0,0
amazing shoes,30-Nov-25,4,english,0,0
It’s good🤍 ani sabiale kina paxi siddiyo bhane lyang hunxa ,28-Mar-25,2,code_mixed,1,1
"Thankyou Daraz for the smooth delivery, the product looks genuine. Will update about the changes it did to my skin after few months.",19 Nov 2025,5,english,0,0
Powerbank dami xa sab le leya hunxa price anusar kati tikcha tyotachina Tara resently  use garda ta babal xa.  ,4 weeks ago,5,code_mixed,0,0
nice packaging..... delivery socheko vanda ni xeto aayo.....aaba use gare paxi tesko review share garxu,19-Nov-25,4,code_mixed,0,0
ramro x tar smell vayena 😊😊 ,29-Nov-25,5,romanized_nepali,0,0
King size vaneko fitting nai vayena Ali Kati side ma napugne raixa but quality ta ramrai xa,10 Mar 2025,5,code_mixed,0,0
thank u seller my boy loved this shoes,13-Jun-24,5,english,0,0
biscuit mitho cha.,20-Aug-25,5,romanized_nepali,0,0
bbl xa keychain Pani euta damee xa best ❤️‍🩹❤️,15-Dec-24,5,romanized_nepali,1,1
buy 4 get one free lekheko thiyo but haina raxa 4 piece matra aayo🙄🙄,13 Aug 2025,5,code_mixed,0,0
ramro xa Tara black colour ma deko vaya best huntheo,15-Nov-25,4,romanized_nepali,0,0
Soft and as shown in picture. Liye huncha dhukka le,3 weeks ago,5,code_mixed,1,1
size naii ramrari fit vayana taa yo Luga refund kasari garni ho yo..,23 Apr 2025,1,code_mixed,0,0
I want to return the product but return refund wala process kina complete hudaina ...Kati garisake maile..plz help gardinus na return garna,16-May-25,5,code_mixed,0,0
Pahila yeuta magathe ramro lage thiyo Teti bela handwash free aako thiyo yaspali 3 ota magaunda yeuta pani aayana,11-Nov-25,5,romanized_nepali,0,0
Halka havey xa,5-Nov-25,3,code_mixed,0,0
Didn't work as expected. dherai nai halnu parcha kapda safa huna. 10ml le light load lai pugdaina cloth doesn't come as clean as expected. almost similar to other detergents out there just a bit affordable. luga majjale dhuna chai 70 80 ml nai chaincha.,22-Sep-25,4,code_mixed,0,0
right side ko bottle maile paila use gareko hair oil ho tara yo left side ko aaile naya liko bottle ho tara aaileko ma kunai label nai xina scam ho ki k ho??,11-Nov-25,5,code_mixed,1,1
expected quality ❤️,8-Aug-25,5,english,0,0
Nice vfm,30 Jan 2026,5,code_mixed,0,0
Thik xa,19-Nov-25,5,romanized_nepali,0,0
Thank you ❤️ Ramro product xa☺️,6-Jan-23,5,code_mixed,0,0
I likeeeeittt,19 Dec 2025,5,english,0,0
thekaix 💚,23 Sep 2024,4,romanized_nepali,0,0
very nice 👍 products ii like it ☺️,22 Nov 2024,5,english,0,0
I bought this at 1759 on 11:11 offer. Price anusar thikkai ho. Bela bela fast charging (Input/output) garda halka heat bhako bhetye otherwise product get the job done. ,12-Dec-24,1,code_mixed,0,0
Didn't try yet but packaging is good and delivered in just 1 day,14 Oct 2025,5,english,0,0
I liked the product very much. better than expected  ,19-Nov-24,5,english,0,0
Ramro lagyo socheko Jastai ayo thank you,19-Nov-25,5,code_mixed,0,0
Dekhaune eauta pathune arko saman tyo ni purano futetuteko,12 Jul 2025,1,romanized_nepali,1,1
i think i got the fake product it doesn't have hologram sticker.,28 May 2025,5,english,0,0
Looks ok . ramro quality need to wait for few months  ,4-Mar-24,3,code_mixed,0,0
first choti try gareko ramro results derax,30 Dec 2025,5,code_mixed,0,0
sano xa size aaru tah thikaii hoi,03 Dec 2025,5,romanized_nepali,0,0
ramro xa good excellent,5 hours ago,3,code_mixed,0,0
Thik xa Pani halyo vani chai jhardaina otherwise 👍🏼,30-Jul-25,2,code_mixed,1,1
Mero 8 inch ko mattress ma ali ali sano vayo,26 Mar 2021,3,code_mixed,1,1
"Dherai nai sano raixa, alikati thulo vako vaye best hunthyo",01 Dec 2023,3,code_mixed,1,1
Product is good bt there were no manual or warranty cards,17 Nov 2023,3,english,0,0
nicee❤️,13 Jul 2025,5,english,0,0
"loved it 
non greasy, absorbs and moisturizes well
thankyou 👍🏽",30-Apr-25,5,english,0,0
ramro x malai t man paryo ,11-Jun-25,1,romanized_nepali,0,0
Good for price hai,19-Jul-25,5,code_mixed,0,0
Best powerbank quality is very good ,30-Jul-25,5,english,0,0
babal❤️,16-Aug-25,5,romanized_nepali,1,1
Ooo la la.. no words to explain. Oopsie..,18 Apr 2025,5,code_mixed,1,0
euta side ali baklo arko side chai patalo xa k ho yo 😂,20-Jul-25,5,romanized_nepali,0,0
I have no idea about the makeup brushes as i am no professional but they are in good condition so i like it.and arulai ni sugest garxu babal bhanera,10-Aug-25,5,code_mixed,1,1
good well wow worthwhile be bgb bbbbb,28 Oct 2025,5,english,0,0
Price anusar thikai ho. Haven't tried it yet. Good for price,7-Feb-26,5,code_mixed,0,0
sasto ani ramro xa,3 weeks ago,4,romanized_nepali,0,0
price anusar ramro xa saman,1-Nov-25,5,romanized_nepali,0,0
N1,5-Aug-25,5,code_mixed,0,0
ramrai xa tetiko price ma,30-Nov-25,5,romanized_nepali,0,0
not good picture ma je dekhako xa tyo saman aaudaina,16-Sep-25,5,code_mixed,0,0
Rs2009 payment gare maile bill ma Rs1809  xa malaita thageyo daraz le 😥😥😥 ,15-Nov-24,5,romanized_nepali,0,0
good prouct but deleivery is a bit late,26 Nov 2025,5,english,0,0
awesome productvalue for money❤️ ,1-Oct-24,3,english,0,0
i dnn like it's fabric,3 weeks ago,5,english,0,0
3 ota lida yeuta gift vanya thiyo Tara maile 9 ota saman lida pani yeuta gift aayena 😡🙄,19 Aug 2025,5,code_mixed,0,0
The shoes is liked by my child. ,26-Dec-25,5,english,0,0
"31-34 order gareko size sano bhayo, message gareko ko message ko reply ni xaina Kasto service ho asto.. please exchange it as soon as possible!!!!",14-Nov-24,1,code_mixed,0,0
Supports upto 1080p. Build quality is of plastic and supporting plastic leg are not strong.. And price of tv is fluctating and after use im giving its thumbs up!! Good one at this price range,19 Mar 2023,5,english,0,0
👍❤️❤️,16 Aug 2025,5,romanized_nepali,0,0
"budeshi lai matrai ho piro lagne 
nepali , indian lai lagdaina current noodel bhanda ni kaam piro xa 2x jasto ho la  ",15-Nov-24,2,romanized_nepali,0,0
thikai xa not bad,6-Jan-26,5,code_mixed,0,0
"Liked the shoes, comfortable for kids ",28-Apr-24,4,english,0,0
black color ko kina haldinu vako,26-Dec-24,5,code_mixed,0,0
Good ones. Thanks.,20-Jul-22,5,english,0,0
Looks good quality. Arrived in time.  ,5-May-25,3,english,0,0
Ramro xa ,8-Nov-25,2,romanized_nepali,0,0
Maile Expect￼ gare vanda ramro raixa price vanda delivery charge badi lage ni maile yesma kunai default dekhe na..j hos soche vanda ramro raixa khusi layo❤️😅,6-Sep-22,5,romanized_nepali,0,0
euta ta sabbai pokkhera .. line bela 708 re 2 l ko ani euta testo ... kasto paisa ko matra barbadi,25-Jan-26,5,romanized_nepali,0,0
dherai ramro,07 Sep 2024,5,romanized_nepali,0,0
Loved the watch thanks,23-Nov-20,5,english,0,0
Quality as expected,28 Jul 2024,5,english,0,0
size Pani thik xa brush soft xa if you are beginners grab it guys .  ,13-Apr-25,5,code_mixed,0,0
this product is better than expected,27 Oct 2025,4,english,0,0
Yo thik xa ,24-Nov-24,1,romanized_nepali,0,0
okay one,07 Aug 2024,5,english,0,0
Better chha,02 Jun 2025,5,code_mixed,0,0
Thank you!! Glad to shop with.. Awaiting much more shopping moments..,7-Dec-21,5,english,0,0
good quality 💯 #reviewunfiltered,29 Oct 2023,5,english,0,0
Dami ,25-Jul-25,5,romanized_nepali,1,1
Worst .. dublicate product,13 Nov 2025,1,english,0,0
Xhee kasto nrmro Malai kati pani man pareyna yo Saman chiiii k socheko k niskyo🤧🤧🤧🤧🤧🤧🤦‍♀️,15-Aug-25,5,romanized_nepali,1,1
Good as Expected. Thanks.,22 Jan 2023,5,english,0,0
Very good packaging and delivered on time. Thanks for your good service.,14 Dec 2025,5,english,0,0
Loved the Product ❤️,7-Jul-25,5,english,0,0
Product ramro xa but mero ma tyo plus minus button le kaam garena,22 Nov 2023,4,code_mixed,0,0
ramro xa thank you daraz,14-Nov-25,5,code_mixed,0,0
Babbal xa sasto ma yeti ko saman aaune rahexa ..,2-Feb-26,5,romanized_nepali,1,1
"ramro lagyo, using since 2 months and its working as expected.",23 Mar 2024,4,code_mixed,0,0
At this price range this shoes is best quality Packaging also good i got my order in 3 dayss and awh this shoes is awesome,26-Sep-25,5,code_mixed,1,1
clean and best packing thankyou so much,31-Jan-26,5,english,0,0
ramrai xa paisa anusar.,01 Jul 2025,4,romanized_nepali,0,0
"Kapda quality halka chitta bujhena,700rs samma thik ho",18-Mar-25,5,romanized_nepali,0,0
Perfect size (queen) daami chha,02 Feb 2022,5,code_mixed,1,1
Dami babal product for couple but I still doesn't give to my partner .,16-Nov-20,5,code_mixed,1,1
"Never ever buy this product useless, sab bhuwa aauxa !!! ⚠️
NEVER BUY ALERT!!",1-Feb-24,1,code_mixed,1,1
amazing packing...item was good everyone should order this book ( bhagwat gita )..,12 Jul 2025,5,english,0,0
the helmet is damn good the padding ni dammi xa,17-Nov-25,5,code_mixed,1,1
sooo good for pet just loved it  ,15-Feb-25,1,english,0,0
Camera ma scratches aauna bata bachaudena cover vanda baira camera niske paxi camera naii paila scratches hunxa 😭aru ta ramroo xah,8-Sep-24,4,code_mixed,0,0
❤️,24 Jan 2025,5,english,0,0
1 week mai yellow vayo,8-Apr-25,1,romanized_nepali,0,0
saman eakdam ramro lagyo malai chai  ,17-Nov-24,5,romanized_nepali,0,0
"price anusar ekdam good xa? yo samet 2 choti kine yo shoes,",14-Jan-26,4,romanized_nepali,1,1
Thikai ho,17-Nov-25,5,romanized_nepali,0,0
ramro x but ali sano x...malai t ramrai lagyo,19 Mar 2024,5,code_mixed,0,0
Chasma ko quality khattam raixa. tyo note haru sabai khukulo raixa ab maintain garna mero ulto paisa lagne vo. careless raixa saman herer ta pathaunu parxa ni.,03 Sep 2025,1,code_mixed,1,1
not as expected ,11-Aug-24,5,english,0,0
Glass ta ramri ho yeha chai futeko parae xa,04 Nov 2025,3,code_mixed,0,0
its amazing I really loved it,8-Nov-20,5,english,0,0
ramro lagyo,16-Jan-26,5,romanized_nepali,0,0
Everythings great color ni ekdam ramro xa but size thorai sano vo all the way it's perfect for couple for gift❤,11-Mar-22,5,code_mixed,0,0
Ta 😍😍😍 seller malai bhanda ni mero chora lai ekdam man paryo  ,15-Jan-26,5,romanized_nepali,0,0
"Good product very very useful and as mentioned, using since 3 months.",02 Sep 2022,5,english,0,0
xya yar Kati sano na kina hai na kina 🙂 ,26-Sep-25,5,romanized_nepali,1,1
Nice cover at such a good price ani aru ni thikai xa,30-Jan-26,5,code_mixed,0,0
ramro xa tara lohjt chai ek choti check garera send gardeko vaye hune light derai madhura ra gati gari baldainaa  ,16-Dec-25,5,code_mixed,0,0
1600 ma 20000mAh paiyo k review dinu 🥱 jati din chalxa chalxa,19-Oct-25,1,romanized_nepali,0,0
ramro raixa 🥰🥰🥰🥰,4-Apr-25,5,romanized_nepali,0,0
Kasto pani nai pani vako packing garera send garnu vako (ajha kasto naramro smell pani ko ) Not expecting this from you guys !!!!! 🙂🙂,11-Nov-25,1,code_mixed,0,0
